1,18330675,0x5f98805A4E8be255a32880FDeC7F6728C6568bA0,0xA0b86991c6218b36c1d19D4a2e9Eb0cE3606eB48,30030.0,29864.8192,0.994499473859473859
1,18330875,0x5f98805A4E8be255a32880FDeC7F6728C6568bA0,0xA0b86991c6218b36c1d19D4a2e9Eb0cE3606eB48,30030.0,29864.8192,0.994499473859473859
1,18330775,0x5f98805A4E8be255a32880FDeC7F6728C6568bA0,0xA0b86991c6218b36c1d19D4a2e9Eb0cE3606eB48,30030.0,29864.8192,0.994499473859473859
1,18330725,0x5f98805A4E8be255a32880FDeC7F6728C6568bA0,0xA0b86991c6218b36c1d19D4a2e9Eb0cE3606eB48,30030.0,29864.8192,0.994499473859473859
1,18330825,0x5f98805A4E8be255a32880FDeC7F6728C6568bA0,0xA0b86991c6218b36c1d19D4a2e9Eb0cE3606eB48,30030.0,29864.8192,0.994499473859473859
1,18330975,0x5f98805A4E8be255a32880FDeC7F6728C6568bA0,0xA0b86991c6218b36c1d19D4a2e9Eb0cE3606eB48,30030.0,29864.8192,0.994499473859473859
1,18331125,0x5f98805A4E8be255a32880FDeC7F6728C6568bA0,0xA0b86991c6218b36c1d19D4a2e9Eb0cE3606eB48,30030.0,29864.8192,0.994499473859473859
1,18331025,0x5f98805A4E8be255a32880FDeC7F6728C6568bA0,0xA0b86991c6218b36c1d19D4a2e9Eb0cE3606eB48,30030.0,29864.8192,0.994499473859473859
1,18330925,0x5f98805A4E8be255a32880FDeC7F6728C6568bA0,0xA0b86991c6218b36c1d19D4a2e9Eb0cE3606eB48,30030.0,29864.8192,0.994499473859473859
1,18331075,0x5f98805A4E8be255a32880FDeC7F6728C6568bA0,0xA0b86991c6218b36c1d19D4a2e9Eb0cE3606eB48,30030.0,29864.8192,0.994499473859473859
1,18331375,0x5f98805A4E8be255a32880FDeC7F6728C6568bA0,0xA0b86991c6218b36c1d19D4a2e9Eb0cE3606eB48,30030.0,29864.8192,0.994499473859473859
1,18331175,0x5f98805A4E8be255a32880FDeC7F6728C6568bA0,0xA0b86991c6218b36c1d19D4a2e9Eb0cE3606eB48,30030.0,29864.8192,0.994499473859473859
1,18331225,0x5f98805A4E8be255a32880FDeC7F6728C6568bA0,0xA0b86991c6218b36c1d19D4a2e9Eb0cE3606eB48,30030.0,29864.8192,0.994499473859473859
1,18331325,0x5f98805A4E8be255a32880FDeC7F6728C6568bA0,0xA0b86991c6218b36c1d19D4a2e9Eb0cE3606eB48,30030.0,29864.8192,0.994499473859473859
1,18331275,0x5f98805A4E8be255a32880FDeC7F6728C6568bA0,0xA0b86991c6218b36c1d19D4a2e9Eb0cE3606eB48,30030.0,29864.8192,0.994499473859473859
1,18331425,0x5f98805A4E8be255a32880FDeC7F6728C6568bA0,0xA0b86991c6218b36c1d19D4a2e9Eb0cE3606eB48,30030.0,29864.8192,0.994499473859473859
1,18331575,0x5f98805A4E8be255a32880FDeC7F6728C6568bA0,0xA0b86991c6218b36c1d19D4a2e9Eb0cE3606eB48,30030.0,29864.8192,0.994499473859473859
1,18331475,0x5f98805A4E8be255a32880FDeC7F6728C6568bA0,0xA0b86991c6218b36c1d19D4a2e9Eb0cE3606eB48,30030.0,29864.8192,0.994499473859473859
1,18331625,0x5f98805A4E8be255a32880FDeC7F6728C6568bA0,0xA0b86991c6218b36c1d19D4a2e9Eb0cE3606eB48,30030.0,29864.8192,0.994499473859473859
1,18331525,0x5f98805A4E8be255a32880FDeC7F6728C6568bA0,0xA0b86991c6218b36c1d19D4a2e9Eb0cE3606eB48,30030.0,29864.8192,0.994499473859473859
1,18331775,0x5f98805A4E8be255a32880FDeC7F6728C6568bA0,0xA0b86991c6218b36c1d19D4a2e9Eb0cE3606eB48,30030.0,29864.8192,0.994499473859473859
1,18331675,0x5f98805A4E8be255a32880FDeC7F6728C6568bA0,0xA0b86991c6218b36c1d19D4a2e9Eb0cE3606eB48,30030.0,29864.8192,0.994499473859473859
1,18331725,0x5f98805A4E8be255a32880FDeC7F6728C6568bA0,0xA0b86991c6218b36c1d19D4a2e9Eb0cE3606eB48,30030.0,29864.8192,0.994499473859473859
1,18331825,0x5f98805A4E8be255a32880FDeC7F6728C6568bA0,0xA0b86991c6218b36c1d19D4a2e9Eb0cE3606eB48,30030.0,29864.8192,0.994499473859473859
1,18331875,0x5f98805A4E8be255a32880FDeC7F6728C6568bA0,0xA0b86991c6218b36c1d19D4a2e9Eb0cE3606eB48,30030.0,29864.8192,0.994499473859473859
1,18331975,0x5f98805A4E8be255a32880FDeC7F6728C6568bA0,0xA0b86991c6218b36c1d19D4a2e9Eb0cE3606eB48,30030.0,29864.8192,0.994499473859473859
1,18332025,0x5f98805A4E8be255a32880FDeC7F6728C6568bA0,0xA0b86991c6218b36c1d19D4a2e9Eb0cE3606eB48,30030.0,29864.8192,0.994499473859473859
1,18331925,0x5f98805A4E8be255a32880FDeC7F6728C6568bA0,0xA0b86991c6218b36c1d19D4a2e9Eb0cE3606eB48,30030.0,29864.8192,0.994499473859473859
1,18332075,0x5f98805A4E8be255a32880FDeC7F6728C6568bA0,0xA0b86991c6218b36c1d19D4a2e9Eb0cE3606eB48,30030.0,29864.8192,0.994499473859473859
1,18332125,0x5f98805A4E8be255a32880FDeC7F6728C6568bA0,0xA0b86991c6218b36c1d19D4a2e9Eb0cE3606eB48,30030.0,29864.8192,0.994499473859473859
1,18332225,0x5f98805A4E8be255a32880FDeC7F6728C6568bA0,0xA0b86991c6218b36c1d19D4a2e9Eb0cE3606eB48,30030.0,29864.8192,0.994499473859473859
1,18332375,0x5f98805A4E8be255a32880FDeC7F6728C6568bA0,0xA0b86991c6218b36c1d19D4a2e9Eb0cE3606eB48,30030.0,29864.8192,0.994499473859473859
1,18332275,0x5f98805A4E8be255a32880FDeC7F6728C6568bA0,0xA0b86991c6218b36c1d19D4a2e9Eb0cE3606eB48,30030.0,29864.8192,0.994499473859473859
1,18332175,0x5f98805A4E8be255a32880FDeC7F6728C6568bA0,0xA0b86991c6218b36c1d19D4a2e9Eb0cE3606eB48,30030.0,29864.8192,0.994499473859473859
1,18332325,0x5f98805A4E8be255a32880FDeC7F6728C6568bA0,0xA0b86991c6218b36c1d19D4a2e9Eb0cE3606eB48,30030.0,29864.8192,0.994499473859473859
1,18332425,0x5f98805A4E8be255a32880FDeC7F6728C6568bA0,0xA0b86991c6218b36c1d19D4a2e9Eb0cE3606eB48,30030.0,29864.8192,0.994499473859473859
1,18332475,0x5f98805A4E8be255a32880FDeC7F6728C6568bA0,0xA0b86991c6218b36c1d19D4a2e9Eb0cE3606eB48,30030.0,29864.8192,0.994499473859473859
1,18332625,0x5f98805A4E8be255a32880FDeC7F6728C6568bA0,0xA0b86991c6218b36c1d19D4a2e9Eb0cE3606eB48,30030.0,29864.8192,0.994499473859473859
1,18332575,0x5f98805A4E8be255a32880FDeC7F6728C6568bA0,0xA0b86991c6218b36c1d19D4a2e9Eb0cE3606eB48,30030.0,29864.8192,0.994499473859473859
1,18332525,0x5f98805A4E8be255a32880FDeC7F6728C6568bA0,0xA0b86991c6218b36c1d19D4a2e9Eb0cE3606eB48,30030.0,29864.8192,0.994499473859473859
1,18332725,0x5f98805A4E8be255a32880FDeC7F6728C6568bA0,0xA0b86991c6218b36c1d19D4a2e9Eb0cE3606eB48,30030.0,29864.8192,0.994499473859473859
1,18332875,0x5f98805A4E8be255a32880FDeC7F6728C6568bA0,0xA0b86991c6218b36c1d19D4a2e9Eb0cE3606eB48,30030.0,29864.8192,0.994499473859473859
1,18332675,0x5f98805A4E8be255a32880FDeC7F6728C6568bA0,0xA0b86991c6218b36c1d19D4a2e9Eb0cE3606eB48,30030.0,29864.8192,0.994499473859473859
1,18332775,0x5f98805A4E8be255a32880FDeC7F6728C6568bA0,0xA0b86991c6218b36c1d19D4a2e9Eb0cE3606eB48,30030.0,29864.8192,0.994499473859473859
1,18332825,0x5f98805A4E8be255a32880FDeC7F6728C6568bA0,0xA0b86991c6218b36c1d19D4a2e9Eb0cE3606eB48,30030.0,29864.8192,0.994499473859473859
1,18332925,0x5f98805A4E8be255a32880FDeC7F6728C6568bA0,0xA0b86991c6218b36c1d19D4a2e9Eb0cE3606eB48,30030.0,29864.8192,0.994499473859473859
1,18333075,0x5f98805A4E8be255a32880FDeC7F6728C6568bA0,0xA0b86991c6218b36c1d19D4a2e9Eb0cE3606eB48,30030.0,29864.8192,0.994499473859473859
1,18332975,0x5f98805A4E8be255a32880FDeC7F6728C6568bA0,0xA0b86991c6218b36c1d19D4a2e9Eb0cE3606eB48,30030.0,29864.8192,0.994499473859473859
1,18333125,0x5f98805A4E8be255a32880FDeC7F6728C6568bA0,0xA0b86991c6218b36c1d19D4a2e9Eb0cE3606eB48,30030.0,29864.8192,0.994499473859473859
1,18333025,0x5f98805A4E8be255a32880FDeC7F6728C6568bA0,0xA0b86991c6218b36c1d19D4a2e9Eb0cE3606eB48,30030.0,29864.8192,0.994499473859473859
1,18333175,0x5f98805A4E8be255a32880FDeC7F6728C6568bA0,0xA0b86991c6218b36c1d19D4a2e9Eb0cE3606eB48,30030.0,29864.8192,0.994499473859473859
1,18333225,0x5f98805A4E8be255a32880FDeC7F6728C6568bA0,0xA0b86991c6218b36c1d19D4a2e9Eb0cE3606eB48,30030.0,29864.8192,0.994499473859473859
1,18333375,0x5f98805A4E8be255a32880FDeC7F6728C6568bA0,0xA0b86991c6218b36c1d19D4a2e9Eb0cE3606eB48,30030.0,29864.8192,0.994499473859473859
1,18333325,0x5f98805A4E8be255a32880FDeC7F6728C6568bA0,0xA0b86991c6218b36c1d19D4a2e9Eb0cE3606eB48,30030.0,29864.8192,0.994499473859473859
1,18333275,0x5f98805A4E8be255a32880FDeC7F6728C6568bA0,0xA0b86991c6218b36c1d19D4a2e9Eb0cE3606eB48,30030.0,29864.8192,0.994499473859473859
1,18333625,0x5f98805A4E8be255a32880FDeC7F6728C6568bA0,0xA0b86991c6218b36c1d19D4a2e9Eb0cE3606eB48,30030.0,29864.8192,0.994499473859473859
1,18333425,0x5f98805A4E8be255a32880FDeC7F6728C6568bA0,0xA0b86991c6218b36c1d19D4a2e9Eb0cE3606eB48,30030.0,29864.8192,0.994499473859473859
1,18333525,0x5f98805A4E8be255a32880FDeC7F6728C6568bA0,0xA0b86991c6218b36c1d19D4a2e9Eb0cE3606eB48,30030.0,29864.8192,0.994499473859473859
1,18333575,0x5f98805A4E8be255a32880FDeC7F6728C6568bA0,0xA0b86991c6218b36c1d19D4a2e9Eb0cE3606eB48,30030.0,29864.8192,0.994499473859473859
1,18333475,0x5f98805A4E8be255a32880FDeC7F6728C6568bA0,0xA0b86991c6218b36c1d19D4a2e9Eb0cE3606eB48,30030.0,29864.8192,0.994499473859473859
1,18333875,0x5f98805A4E8be255a32880FDeC7F6728C6568bA0,0xA0b86991c6218b36c1d19D4a2e9Eb0cE3606eB48,30030.0,29864.8192,0.994499473859473859
1,18333725,0x5f98805A4E8be255a32880FDeC7F6728C6568bA0,0xA0b86991c6218b36c1d19D4a2e9Eb0cE3606eB48,30030.0,29864.8192,0.994499473859473859
1,18333825,0x5f98805A4E8be255a32880FDeC7F6728C6568bA0,0xA0b86991c6218b36c1d19D4a2e9Eb0cE3606eB48,30030.0,29864.8192,0.994499473859473859
1,18333775,0x5f98805A4E8be255a32880FDeC7F6728C6568bA0,0xA0b86991c6218b36c1d19D4a2e9Eb0cE3606eB48,30030.0,29864.8192,0.994499473859473859
1,18333675,0x5f98805A4E8be255a32880FDeC7F6728C6568bA0,0xA0b86991c6218b36c1d19D4a2e9Eb0cE3606eB48,30030.0,29864.8192,0.994499473859473859
1,18334125,0x5f98805A4E8be255a32880FDeC7F6728C6568bA0,0xA0b86991c6218b36c1d19D4a2e9Eb0cE3606eB48,30030.0,29864.8192,0.994499473859473859
1,18334075,0x5f98805A4E8be255a32880FDeC7F6728C6568bA0,0xA0b86991c6218b36c1d19D4a2e9Eb0cE3606eB48,30030.0,29864.8192,0.994499473859473859
1,18333975,0x5f98805A4E8be255a32880FDeC7F6728C6568bA0,0xA0b86991c6218b36c1d19D4a2e9Eb0cE3606eB48,30030.0,29864.8192,0.994499473859473859
1,18334025,0x5f98805A4E8be255a32880FDeC7F6728C6568bA0,0xA0b86991c6218b36c1d19D4a2e9Eb0cE3606eB48,30030.0,29864.8192,0.994499473859473859
1,18333925,0x5f98805A4E8be255a32880FDeC7F6728C6568bA0,0xA0b86991c6218b36c1d19D4a2e9Eb0cE3606eB48,30030.0,29864.8192,0.994499473859473859
1,18334175,0x5f98805A4E8be255a32880FDeC7F6728C6568bA0,0xA0b86991c6218b36c1d19D4a2e9Eb0cE3606eB48,30030.0,29864.8192,0.994499473859473859
1,18334225,0x5f98805A4E8be255a32880FDeC7F6728C6568bA0,0xA0b86991c6218b36c1d19D4a2e9Eb0cE3606eB48,30030.0,29864.8192,0.994499473859473859
1,18334325,0x5f98805A4E8be255a32880FDeC7F6728C6568bA0,0xA0b86991c6218b36c1d19D4a2e9Eb0cE3606eB48,30030.0,29864.8192,0.994499473859473859
1,18334375,0x5f98805A4E8be255a32880FDeC7F6728C6568bA0,0xA0b86991c6218b36c1d19D4a2e9Eb0cE3606eB48,30030.0,29864.8192,0.994499473859473859
1,18334275,0x5f98805A4E8be255a32880FDeC7F6728C6568bA0,0xA0b86991c6218b36c1d19D4a2e9Eb0cE3606eB48,30030.0,29864.8192,0.994499473859473859
1,18334425,0x5f98805A4E8be255a32880FDeC7F6728C6568bA0,0xA0b86991c6218b36c1d19D4a2e9Eb0cE3606eB48,30030.0,29896.232046,0.995545522677322677
1,18334575,0x5f98805A4E8be255a32880FDeC7F6728C6568bA0,0xA0b86991c6218b36c1d19D4a2e9Eb0cE3606eB48,30030.0,29895.706114,0.995528009124209124
1,18334475,0x5f98805A4E8be255a32880FDeC7F6728C6568bA0,0xA0b86991c6218b36c1d19D4a2e9Eb0cE3606eB48,30030.0,29895.706114,0.995528009124209124
1,18334625,0x5f98805A4E8be255a32880FDeC7F6728C6568bA0,0xA0b86991c6218b36c1d19D4a2e9Eb0cE3606eB48,30030.0,29895.706114,0.995528009124209124
1,18334525,0x5f98805A4E8be255a32880FDeC7F6728C6568bA0,0xA0b86991c6218b36c1d19D4a2e9Eb0cE3606eB48,30030.0,29895.706114,0.995528009124209124
1,18334675,0x5f98805A4E8be255a32880FDeC7F6728C6568bA0,0xA0b86991c6218b36c1d19D4a2e9Eb0cE3606eB48,30030.0,29895.706114,0.995528009124209124
1,18334825,0x5f98805A4E8be255a32880FDeC7F6728C6568bA0,0xA0b86991c6218b36c1d19D4a2e9Eb0cE3606eB48,30030.0,29896.344312,0.995549261138861138
1,18334725,0x5f98805A4E8be255a32880FDeC7F6728C6568bA0,0xA0b86991c6218b36c1d19D4a2e9Eb0cE3606eB48,30030.0,29895.913394,0.995534911555111555
1,18334775,0x5f98805A4E8be255a32880FDeC7F6728C6568bA0,0xA0b86991c6218b36c1d19D4a2e9Eb0cE3606eB48,30030.0,29896.344312,0.995549261138861138
1,18334875,0x5f98805A4E8be255a32880FDeC7F6728C6568bA0,0xA0b86991c6218b36c1d19D4a2e9Eb0cE3606eB48,30030.0,29896.344312,0.995549261138861138
1,18335075,0x5f98805A4E8be255a32880FDeC7F6728C6568bA0,0xA0b86991c6218b36c1d19D4a2e9Eb0cE3606eB48,30030.0,29896.317686,0.995548374492174492
1,18334925,0x5f98805A4E8be255a32880FDeC7F6728C6568bA0,0xA0b86991c6218b36c1d19D4a2e9Eb0cE3606eB48,30030.0,29896.317686,0.995548374492174492
1,18335125,0x5f98805A4E8be255a32880FDeC7F6728C6568bA0,0xA0b86991c6218b36c1d19D4a2e9Eb0cE3606eB48,30030.0,29896.317686,0.995548374492174492
1,18335025,0x5f98805A4E8be255a32880FDeC7F6728C6568bA0,0xA0b86991c6218b36c1d19D4a2e9Eb0cE3606eB48,30030.0,29896.317686,0.995548374492174492
1,18334975,0x5f98805A4E8be255a32880FDeC7F6728C6568bA0,0xA0b86991c6218b36c1d19D4a2e9Eb0cE3606eB48,30030.0,29896.317686,0.995548374492174492
1,18335225,0x5f98805A4E8be255a32880FDeC7F6728C6568bA0,0xA0b86991c6218b36c1d19D4a2e9Eb0cE3606eB48,30030.0,29896.317686,0.995548374492174492
1,18335275,0x5f98805A4E8be255a32880FDeC7F6728C6568bA0,0xA0b86991c6218b36c1d19D4a2e9Eb0cE3606eB48,30030.0,29896.317686,0.995548374492174492
1,18335175,0x5f98805A4E8be255a32880FDeC7F6728C6568bA0,0xA0b86991c6218b36c1d19D4a2e9Eb0cE3606eB48,30030.0,29896.317686,0.995548374492174492
1,18335325,0x5f98805A4E8be255a32880FDeC7F6728C6568bA0,0xA0b86991c6218b36c1d19D4a2e9Eb0cE3606eB48,30030.0,29896.317686,0.995548374492174492
1,18335375,0x5f98805A4E8be255a32880FDeC7F6728C6568bA0,0xA0b86991c6218b36c1d19D4a2e9Eb0cE3606eB48,30030.0,29896.399521,0.9955510996003996
1,18335425,0x5f98805A4E8be255a32880FDeC7F6728C6568bA0,0xA0b86991c6218b36c1d19D4a2e9Eb0cE3606eB48,30030.0,29896.399521,0.9955510996003996
1,18335625,0x5f98805A4E8be255a32880FDeC7F6728C6568bA0,0xA0b86991c6218b36c1d19D4a2e9Eb0cE3606eB48,30030.0,29918.563487,0.996289160406260406
1,18335525,0x5f98805A4E8be255a32880FDeC7F6728C6568bA0,0xA0b86991c6218b36c1d19D4a2e9Eb0cE3606eB48,30030.0,29897.75427,0.995596212787212787
1,18335475,0x5f98805A4E8be255a32880FDeC7F6728C6568bA0,0xA0b86991c6218b36c1d19D4a2e9Eb0cE3606eB48,30030.0,29896.965196,0.995569936596736596
1,18335575,0x5f98805A4E8be255a32880FDeC7F6728C6568bA0,0xA0b86991c6218b36c1d19D4a2e9Eb0cE3606eB48,30030.0,29915.638796,0.996191768098568098
1,18335725,0x5f98805A4E8be255a32880FDeC7F6728C6568bA0,0xA0b86991c6218b36c1d19D4a2e9Eb0cE3606eB48,30030.0,29902.93697,0.995768796869796869
1,18335675,0x5f98805A4E8be255a32880FDeC7F6728C6568bA0,0xA0b86991c6218b36c1d19D4a2e9Eb0cE3606eB48,30030.0,29902.93697,0.995768796869796869
1,18335775,0x5f98805A4E8be255a32880FDeC7F6728C6568bA0,0xA0b86991c6218b36c1d19D4a2e9Eb0cE3606eB48,30030.0,29902.93697,0.995768796869796869
1,18335825,0x5f98805A4E8be255a32880FDeC7F6728C6568bA0,0xA0b86991c6218b36c1d19D4a2e9Eb0cE3606eB48,30030.0,29902.93697,0.995768796869796869
1,18335875,0x5f98805A4E8be255a32880FDeC7F6728C6568bA0,0xA0b86991c6218b36c1d19D4a2e9Eb0cE3606eB48,30030.0,29902.93697,0.995768796869796869
1,18335975,0x5f98805A4E8be255a32880FDeC7F6728C6568bA0,0xA0b86991c6218b36c1d19D4a2e9Eb0cE3606eB48,30030.0,29897.119668,0.995575080519480519
1,18335925,0x5f98805A4E8be255a32880FDeC7F6728C6568bA0,0xA0b86991c6218b36c1d19D4a2e9Eb0cE3606eB48,30030.0,29897.831619,0.995598788511488511
1,18336125,0x5f98805A4E8be255a32880FDeC7F6728C6568bA0,0xA0b86991c6218b36c1d19D4a2e9Eb0cE3606eB48,30030.0,29897.119668,0.995575080519480519
1,18336075,0x5f98805A4E8be255a32880FDeC7F6728C6568bA0,0xA0b86991c6218b36c1d19D4a2e9Eb0cE3606eB48,30030.0,29897.119668,0.995575080519480519
1,18336025,0x5f98805A4E8be255a32880FDeC7F6728C6568bA0,0xA0b86991c6218b36c1d19D4a2e9Eb0cE3606eB48,30030.0,29897.119668,0.995575080519480519
1,18336175,0x5f98805A4E8be255a32880FDeC7F6728C6568bA0,0xA0b86991c6218b36c1d19D4a2e9Eb0cE3606eB48,30030.0,29896.010864,0.995538157309357309
1,18336325,0x5f98805A4E8be255a32880FDeC7F6728C6568bA0,0xA0b86991c6218b36c1d19D4a2e9Eb0cE3606eB48,30030.0,29896.010864,0.995538157309357309
1,18336275,0x5f98805A4E8be255a32880FDeC7F6728C6568bA0,0xA0b86991c6218b36c1d19D4a2e9Eb0cE3606eB48,30030.0,29896.010864,0.995538157309357309
1,18336375,0x5f98805A4E8be255a32880FDeC7F6728C6568bA0,0xA0b86991c6218b36c1d19D4a2e9Eb0cE3606eB48,30030.0,29896.010864,0.995538157309357309
1,18336225,0x5f98805A4E8be255a32880FDeC7F6728C6568bA0,0xA0b86991c6218b36c1d19D4a2e9Eb0cE3606eB48,30030.0,29896.010864,0.995538157309357309
1,18336425,0x5f98805A4E8be255a32880FDeC7F6728C6568bA0,0xA0b86991c6218b36c1d19D4a2e9Eb0cE3606eB48,30030.0,29896.010864,0.995538157309357309
1,18336625,0x5f98805A4E8be255a32880FDeC7F6728C6568bA0,0xA0b86991c6218b36c1d19D4a2e9Eb0cE3606eB48,30030.0,29896.010864,0.995538157309357309
1,18336525,0x5f98805A4E8be255a32880FDeC7F6728C6568bA0,0xA0b86991c6218b36c1d19D4a2e9Eb0cE3606eB48,30030.0,29896.010864,0.995538157309357309
1,18336575,0x5f98805A4E8be255a32880FDeC7F6728C6568bA0,0xA0b86991c6218b36c1d19D4a2e9Eb0cE3606eB48,30030.0,29896.010864,0.995538157309357309
1,18336475,0x5f98805A4E8be255a32880FDeC7F6728C6568bA0,0xA0b86991c6218b36c1d19D4a2e9Eb0cE3606eB48,30030.0,29896.010864,0.995538157309357309
1,18336825,0x5f98805A4E8be255a32880FDeC7F6728C6568bA0,0xA0b86991c6218b36c1d19D4a2e9Eb0cE3606eB48,30030.0,29896.254137,0.995546258308358308
1,18336675,0x5f98805A4E8be255a32880FDeC7F6728C6568bA0,0xA0b86991c6218b36c1d19D4a2e9Eb0cE3606eB48,30030.0,29896.254137,0.995546258308358308
1,18336875,0x5f98805A4E8be255a32880FDeC7F6728C6568bA0,0xA0b86991c6218b36c1d19D4a2e9Eb0cE3606eB48,30030.0,29896.254137,0.995546258308358308
1,18336775,0x5f98805A4E8be255a32880FDeC7F6728C6568bA0,0xA0b86991c6218b36c1d19D4a2e9Eb0cE3606eB48,30030.0,29896.254137,0.995546258308358308
1,18336725,0x5f98805A4E8be255a32880FDeC7F6728C6568bA0,0xA0b86991c6218b36c1d19D4a2e9Eb0cE3606eB48,30030.0,29896.254137,0.995546258308358308
1,18337125,0x5f98805A4E8be255a32880FDeC7F6728C6568bA0,0xA0b86991c6218b36c1d19D4a2e9Eb0cE3606eB48,30030.0,29896.254137,0.995546258308358308
1,18336925,0x5f98805A4E8be255a32880FDeC7F6728C6568bA0,0xA0b86991c6218b36c1d19D4a2e9Eb0cE3606eB48,30030.0,29896.254137,0.995546258308358308
1,18337075,0x5f98805A4E8be255a32880FDeC7F6728C6568bA0,0xA0b86991c6218b36c1d19D4a2e9Eb0cE3606eB48,30030.0,29896.254137,0.995546258308358308
1,18337025,0x5f98805A4E8be255a32880FDeC7F6728C6568bA0,0xA0b86991c6218b36c1d19D4a2e9Eb0cE3606eB48,30030.0,29896.254137,0.995546258308358308
1,18336975,0x5f98805A4E8be255a32880FDeC7F6728C6568bA0,0xA0b86991c6218b36c1d19D4a2e9Eb0cE3606eB48,30030.0,29896.254137,0.995546258308358308
1,18337175,0x5f98805A4E8be255a32880FDeC7F6728C6568bA0,0xA0b86991c6218b36c1d19D4a2e9Eb0cE3606eB48,30030.0,29896.254137,0.995546258308358308
1,18337325,0x5f98805A4E8be255a32880FDeC7F6728C6568bA0,0xA0b86991c6218b36c1d19D4a2e9Eb0cE3606eB48,30030.0,29896.254137,0.995546258308358308
1,18337225,0x5f98805A4E8be255a32880FDeC7F6728C6568bA0,0xA0b86991c6218b36c1d19D4a2e9Eb0cE3606eB48,30030.0,29896.254137,0.995546258308358308
1,18337275,0x5f98805A4E8be255a32880FDeC7F6728C6568bA0,0xA0b86991c6218b36c1d19D4a2e9Eb0cE3606eB48,30030.0,29896.254137,0.995546258308358308
1,18337375,0x5f98805A4E8be255a32880FDeC7F6728C6568bA0,0xA0b86991c6218b36c1d19D4a2e9Eb0cE3606eB48,30030.0,29896.254137,0.995546258308358308
1,18337425,0x5f98805A4E8be255a32880FDeC7F6728C6568bA0,0xA0b86991c6218b36c1d19D4a2e9Eb0cE3606eB48,30030.0,29896.254137,0.995546258308358308
1,18337475,0x5f98805A4E8be255a32880FDeC7F6728C6568bA0,0xA0b86991c6218b36c1d19D4a2e9Eb0cE3606eB48,30030.0,29896.254137,0.995546258308358308
1,18337625,0x5f98805A4E8be255a32880FDeC7F6728C6568bA0,0xA0b86991c6218b36c1d19D4a2e9Eb0cE3606eB48,30030.0,29896.254137,0.995546258308358308
1,18337525,0x5f98805A4E8be255a32880FDeC7F6728C6568bA0,0xA0b86991c6218b36c1d19D4a2e9Eb0cE3606eB48,30030.0,29896.254137,0.995546258308358308
1,18337575,0x5f98805A4E8be255a32880FDeC7F6728C6568bA0,0xA0b86991c6218b36c1d19D4a2e9Eb0cE3606eB48,30030.0,29896.254137,0.995546258308358308
1,18337675,0x5f98805A4E8be255a32880FDeC7F6728C6568bA0,0xA0b86991c6218b36c1d19D4a2e9Eb0cE3606eB48,30030.0,29895.583792,0.995523935797535797
1,18337775,0x5f98805A4E8be255a32880FDeC7F6728C6568bA0,0xA0b86991c6218b36c1d19D4a2e9Eb0cE3606eB48,30030.0,29895.56866,0.995523431901431901
1,18337825,0x5f98805A4E8be255a32880FDeC7F6728C6568bA0,0xA0b86991c6218b36c1d19D4a2e9Eb0cE3606eB48,30030.0,29895.538758,0.995522436163836163
1,18337875,0x5f98805A4E8be255a32880FDeC7F6728C6568bA0,0xA0b86991c6218b36c1d19D4a2e9Eb0cE3606eB48,30030.0,29895.538758,0.995522436163836163
1,18337725,0x5f98805A4E8be255a32880FDeC7F6728C6568bA0,0xA0b86991c6218b36c1d19D4a2e9Eb0cE3606eB48,30030.0,29895.583792,0.995523935797535797
1,18337925,0x5f98805A4E8be255a32880FDeC7F6728C6568bA0,0xA0b86991c6218b36c1d19D4a2e9Eb0cE3606eB48,30030.0,29895.524185,0.995521950882450882
1,18338025,0x5f98805A4E8be255a32880FDeC7F6728C6568bA0,0xA0b86991c6218b36c1d19D4a2e9Eb0cE3606eB48,30030.0,29895.524185,0.995521950882450882
1,18338125,0x5f98805A4E8be255a32880FDeC7F6728C6568bA0,0xA0b86991c6218b36c1d19D4a2e9Eb0cE3606eB48,30030.0,29895.687072,0.995527375024975024
1,18338075,0x5f98805A4E8be255a32880FDeC7F6728C6568bA0,0xA0b86991c6218b36c1d19D4a2e9Eb0cE3606eB48,30030.0,29895.687072,0.995527375024975024
1,18337975,0x5f98805A4E8be255a32880FDeC7F6728C6568bA0,0xA0b86991c6218b36c1d19D4a2e9Eb0cE3606eB48,30030.0,29895.524185,0.995521950882450882
1,18338325,0x5f98805A4E8be255a32880FDeC7F6728C6568bA0,0xA0b86991c6218b36c1d19D4a2e9Eb0cE3606eB48,30030.0,29895.687072,0.995527375024975024
1,18338275,0x5f98805A4E8be255a32880FDeC7F6728C6568bA0,0xA0b86991c6218b36c1d19D4a2e9Eb0cE3606eB48,30030.0,29895.687072,0.995527375024975024
1,18338375,0x5f98805A4E8be255a32880FDeC7F6728C6568bA0,0xA0b86991c6218b36c1d19D4a2e9Eb0cE3606eB48,30030.0,29896.314203,0.995548258508158508
1,18338175,0x5f98805A4E8be255a32880FDeC7F6728C6568bA0,0xA0b86991c6218b36c1d19D4a2e9Eb0cE3606eB48,30030.0,29895.687072,0.995527375024975024
1,18338225,0x5f98805A4E8be255a32880FDeC7F6728C6568bA0,0xA0b86991c6218b36c1d19D4a2e9Eb0cE3606eB48,30030.0,29895.687072,0.995527375024975024
1,18338425,0x5f98805A4E8be255a32880FDeC7F6728C6568bA0,0xA0b86991c6218b36c1d19D4a2e9Eb0cE3606eB48,30030.0,29896.241285,0.995545830336330336
1,18338575,0x5f98805A4E8be255a32880FDeC7F6728C6568bA0,0xA0b86991c6218b36c1d19D4a2e9Eb0cE3606eB48,30030.0,29896.241285,0.995545830336330336
1,18338475,0x5f98805A4E8be255a32880FDeC7F6728C6568bA0,0xA0b86991c6218b36c1d19D4a2e9Eb0cE3606eB48,30030.0,29896.241285,0.995545830336330336
1,18338525,0x5f98805A4E8be255a32880FDeC7F6728C6568bA0,0xA0b86991c6218b36c1d19D4a2e9Eb0cE3606eB48,30030.0,29896.241285,0.995545830336330336
1,18338625,0x5f98805A4E8be255a32880FDeC7F6728C6568bA0,0xA0b86991c6218b36c1d19D4a2e9Eb0cE3606eB48,30030.0,29896.241285,0.995545830336330336
1,18338675,0x5f98805A4E8be255a32880FDeC7F6728C6568bA0,0xA0b86991c6218b36c1d19D4a2e9Eb0cE3606eB48,30030.0,29896.241285,0.995545830336330336
1,18338825,0x5f98805A4E8be255a32880FDeC7F6728C6568bA0,0xA0b86991c6218b36c1d19D4a2e9Eb0cE3606eB48,30030.0,29899.901299,0.995667708924408924
1,18338775,0x5f98805A4E8be255a32880FDeC7F6728C6568bA0,0xA0b86991c6218b36c1d19D4a2e9Eb0cE3606eB48,30030.0,29899.901299,0.995667708924408924
1,18338725,0x5f98805A4E8be255a32880FDeC7F6728C6568bA0,0xA0b86991c6218b36c1d19D4a2e9Eb0cE3606eB48,30030.0,29896.241285,0.995545830336330336
1,18338875,0x5f98805A4E8be255a32880FDeC7F6728C6568bA0,0xA0b86991c6218b36c1d19D4a2e9Eb0cE3606eB48,30030.0,29900.46668,0.99568653613053613
1,18338925,0x5f98805A4E8be255a32880FDeC7F6728C6568bA0,0xA0b86991c6218b36c1d19D4a2e9Eb0cE3606eB48,30030.0,29900.409566,0.995684634232434232
1,18338975,0x5f98805A4E8be255a32880FDeC7F6728C6568bA0,0xA0b86991c6218b36c1d19D4a2e9Eb0cE3606eB48,30030.0,29900.409566,0.995684634232434232
1,18339125,0x5f98805A4E8be255a32880FDeC7F6728C6568bA0,0xA0b86991c6218b36c1d19D4a2e9Eb0cE3606eB48,30030.0,29899.909319,0.99566797599067599
1,18339025,0x5f98805A4E8be255a32880FDeC7F6728C6568bA0,0xA0b86991c6218b36c1d19D4a2e9Eb0cE3606eB48,30030.0,29899.909319,0.99566797599067599
1,18339075,0x5f98805A4E8be255a32880FDeC7F6728C6568bA0,0xA0b86991c6218b36c1d19D4a2e9Eb0cE3606eB48,30030.0,29899.909319,0.99566797599067599
1,18339325,0x5f98805A4E8be255a32880FDeC7F6728C6568bA0,0xA0b86991c6218b36c1d19D4a2e9Eb0cE3606eB48,30030.0,29899.909319,0.99566797599067599
1,18339175,0x5f98805A4E8be255a32880FDeC7F6728C6568bA0,0xA0b86991c6218b36c1d19D4a2e9Eb0cE3606eB48,30030.0,29899.909319,0.99566797599067599
1,18339275,0x5f98805A4E8be255a32880FDeC7F6728C6568bA0,0xA0b86991c6218b36c1d19D4a2e9Eb0cE3606eB48,30030.0,29899.909319,0.99566797599067599
1,18339375,0x5f98805A4E8be255a32880FDeC7F6728C6568bA0,0xA0b86991c6218b36c1d19D4a2e9Eb0cE3606eB48,30030.0,29899.909319,0.99566797599067599
1,18339225,0x5f98805A4E8be255a32880FDeC7F6728C6568bA0,0xA0b86991c6218b36c1d19D4a2e9Eb0cE3606eB48,30030.0,29899.909319,0.99566797599067599
1,18339425,0x5f98805A4E8be255a32880FDeC7F6728C6568bA0,0xA0b86991c6218b36c1d19D4a2e9Eb0cE3606eB48,30030.0,29899.909319,0.99566797599067599
1,18339575,0x5f98805A4E8be255a32880FDeC7F6728C6568bA0,0xA0b86991c6218b36c1d19D4a2e9Eb0cE3606eB48,30030.0,29899.85016,0.995666005994005994
1,18339475,0x5f98805A4E8be255a32880FDeC7F6728C6568bA0,0xA0b86991c6218b36c1d19D4a2e9Eb0cE3606eB48,30030.0,29899.909319,0.99566797599067599
1,18339525,0x5f98805A4E8be255a32880FDeC7F6728C6568bA0,0xA0b86991c6218b36c1d19D4a2e9Eb0cE3606eB48,30030.0,29899.85016,0.995666005994005994
1,18339625,0x5f98805A4E8be255a32880FDeC7F6728C6568bA0,0xA0b86991c6218b36c1d19D4a2e9Eb0cE3606eB48,30030.0,29899.85016,0.995666005994005994
