1,18308137,0x853d955acef822db058eb8505911ed77f175b99e,0xA0b86991c6218b36c1d19D4a2e9Eb0cE3606eB48,30030.0,29966.529069,0.997886415884115884
1,18308138,0x853d955acef822db058eb8505911ed77f175b99e,0xA0b86991c6218b36c1d19D4a2e9Eb0cE3606eB48,30030.0,29966.529069,0.997886415884115884
1,18308139,0x853d955acef822db058eb8505911ed77f175b99e,0xA0b86991c6218b36c1d19D4a2e9Eb0cE3606eB48,30030.0,29966.529069,0.997886415884115884
1,18308140,0x853d955acef822db058eb8505911ed77f175b99e,0xA0b86991c6218b36c1d19D4a2e9Eb0cE3606eB48,30030.0,29966.526539,0.997886331635031635
1,18308141,0x853d955acef822db058eb8505911ed77f175b99e,0xA0b86991c6218b36c1d19D4a2e9Eb0cE3606eB48,30030.0,29966.526539,0.997886331635031635
1,18308142,0x853d955acef822db058eb8505911ed77f175b99e,0xA0b86991c6218b36c1d19D4a2e9Eb0cE3606eB48,30030.0,29966.526539,0.997886331635031635
1,18308143,0x853d955acef822db058eb8505911ed77f175b99e,0xA0b86991c6218b36c1d19D4a2e9Eb0cE3606eB48,30030.0,29966.526539,0.997886331635031635
1,18308144,0x853d955acef822db058eb8505911ed77f175b99e,0xA0b86991c6218b36c1d19D4a2e9Eb0cE3606eB48,30030.0,29966.526539,0.997886331635031635
1,18308145,0x853d955acef822db058eb8505911ed77f175b99e,0xA0b86991c6218b36c1d19D4a2e9Eb0cE3606eB48,30030.0,29966.526539,0.997886331635031635
1,18308146,0x853d955acef822db058eb8505911ed77f175b99e,0xA0b86991c6218b36c1d19D4a2e9Eb0cE3606eB48,30030.0,29966.526539,0.997886331635031635
1,18308147,0x853d955acef822db058eb8505911ed77f175b99e,0xA0b86991c6218b36c1d19D4a2e9Eb0cE3606eB48,30030.0,29966.526539,0.997886331635031635
1,18308148,0x853d955acef822db058eb8505911ed77f175b99e,0xA0b86991c6218b36c1d19D4a2e9Eb0cE3606eB48,30030.0,29966.526539,0.997886331635031635
1,18308149,0x853d955acef822db058eb8505911ed77f175b99e,0xA0b86991c6218b36c1d19D4a2e9Eb0cE3606eB48,30030.0,29966.526539,0.997886331635031635
1,18308150,0x853d955acef822db058eb8505911ed77f175b99e,0xA0b86991c6218b36c1d19D4a2e9Eb0cE3606eB48,30030.0,29966.526539,0.997886331635031635
1,18308151,0x853d955acef822db058eb8505911ed77f175b99e,0xA0b86991c6218b36c1d19D4a2e9Eb0cE3606eB48,30030.0,29966.526539,0.997886331635031635
1,18308152,0x853d955acef822db058eb8505911ed77f175b99e,0xA0b86991c6218b36c1d19D4a2e9Eb0cE3606eB48,30030.0,29966.526539,0.997886331635031635
1,18308153,0x853d955acef822db058eb8505911ed77f175b99e,0xA0b86991c6218b36c1d19D4a2e9Eb0cE3606eB48,30030.0,29966.526539,0.997886331635031635
1,18308154,0x853d955acef822db058eb8505911ed77f175b99e,0xA0b86991c6218b36c1d19D4a2e9Eb0cE3606eB48,30030.0,29966.526539,0.997886331635031635
1,18308155,0x853d955acef822db058eb8505911ed77f175b99e,0xA0b86991c6218b36c1d19D4a2e9Eb0cE3606eB48,30030.0,29966.526539,0.997886331635031635
1,18308156,0x853d955acef822db058eb8505911ed77f175b99e,0xA0b86991c6218b36c1d19D4a2e9Eb0cE3606eB48,30030.0,29966.526539,0.997886331635031635
1,18308157,0x853d955acef822db058eb8505911ed77f175b99e,0xA0b86991c6218b36c1d19D4a2e9Eb0cE3606eB48,30030.0,29966.526539,0.997886331635031635
1,18308158,0x853d955acef822db058eb8505911ed77f175b99e,0xA0b86991c6218b36c1d19D4a2e9Eb0cE3606eB48,30030.0,29966.526539,0.997886331635031635
1,18308159,0x853d955acef822db058eb8505911ed77f175b99e,0xA0b86991c6218b36c1d19D4a2e9Eb0cE3606eB48,30030.0,29966.526539,0.997886331635031635
1,18308160,0x853d955acef822db058eb8505911ed77f175b99e,0xA0b86991c6218b36c1d19D4a2e9Eb0cE3606eB48,30030.0,29966.526539,0.997886331635031635
1,18308161,0x853d955acef822db058eb8505911ed77f175b99e,0xA0b86991c6218b36c1d19D4a2e9Eb0cE3606eB48,30030.0,29966.526539,0.997886331635031635
1,18308162,0x853d955acef822db058eb8505911ed77f175b99e,0xA0b86991c6218b36c1d19D4a2e9Eb0cE3606eB48,30030.0,29966.526539,0.997886331635031635
1,18308163,0x853d955acef822db058eb8505911ed77f175b99e,0xA0b86991c6218b36c1d19D4a2e9Eb0cE3606eB48,30030.0,29966.526539,0.997886331635031635
1,18308164,0x853d955acef822db058eb8505911ed77f175b99e,0xA0b86991c6218b36c1d19D4a2e9Eb0cE3606eB48,30030.0,29966.526539,0.997886331635031635
1,18308165,0x853d955acef822db058eb8505911ed77f175b99e,0xA0b86991c6218b36c1d19D4a2e9Eb0cE3606eB48,30030.0,29966.526539,0.997886331635031635
1,18308166,0x853d955acef822db058eb8505911ed77f175b99e,0xA0b86991c6218b36c1d19D4a2e9Eb0cE3606eB48,30030.0,29966.526539,0.997886331635031635
1,18308167,0x853d955acef822db058eb8505911ed77f175b99e,0xA0b86991c6218b36c1d19D4a2e9Eb0cE3606eB48,30030.0,29966.526539,0.997886331635031635
1,18308168,0x853d955acef822db058eb8505911ed77f175b99e,0xA0b86991c6218b36c1d19D4a2e9Eb0cE3606eB48,30030.0,29966.526539,0.997886331635031635
1,18308169,0x853d955acef822db058eb8505911ed77f175b99e,0xA0b86991c6218b36c1d19D4a2e9Eb0cE3606eB48,30030.0,29966.526539,0.997886331635031635
1,18308170,0x853d955acef822db058eb8505911ed77f175b99e,0xA0b86991c6218b36c1d19D4a2e9Eb0cE3606eB48,30030.0,29966.526539,0.997886331635031635
1,18308171,0x853d955acef822db058eb8505911ed77f175b99e,0xA0b86991c6218b36c1d19D4a2e9Eb0cE3606eB48,30030.0,29966.526539,0.997886331635031635
1,18308172,0x853d955acef822db058eb8505911ed77f175b99e,0xA0b86991c6218b36c1d19D4a2e9Eb0cE3606eB48,30030.0,29966.526539,0.997886331635031635
1,18308173,0x853d955acef822db058eb8505911ed77f175b99e,0xA0b86991c6218b36c1d19D4a2e9Eb0cE3606eB48,30030.0,29966.526539,0.997886331635031635
1,18308174,0x853d955acef822db058eb8505911ed77f175b99e,0xA0b86991c6218b36c1d19D4a2e9Eb0cE3606eB48,30030.0,29966.526539,0.997886331635031635
1,18308175,0x853d955acef822db058eb8505911ed77f175b99e,0xA0b86991c6218b36c1d19D4a2e9Eb0cE3606eB48,30030.0,29966.526539,0.997886331635031635
1,18308176,0x853d955acef822db058eb8505911ed77f175b99e,0xA0b86991c6218b36c1d19D4a2e9Eb0cE3606eB48,30030.0,29966.501255,0.997885489676989676
1,18308177,0x853d955acef822db058eb8505911ed77f175b99e,0xA0b86991c6218b36c1d19D4a2e9Eb0cE3606eB48,30030.0,29966.501255,0.997885489676989676
1,18308178,0x853d955acef822db058eb8505911ed77f175b99e,0xA0b86991c6218b36c1d19D4a2e9Eb0cE3606eB48,30030.0,29966.501255,0.997885489676989676
1,18308179,0x853d955acef822db058eb8505911ed77f175b99e,0xA0b86991c6218b36c1d19D4a2e9Eb0cE3606eB48,30030.0,29966.501255,0.997885489676989676
1,18308180,0x853d955acef822db058eb8505911ed77f175b99e,0xA0b86991c6218b36c1d19D4a2e9Eb0cE3606eB48,30030.0,29966.501255,0.997885489676989676
1,18308181,0x853d955acef822db058eb8505911ed77f175b99e,0xA0b86991c6218b36c1d19D4a2e9Eb0cE3606eB48,30030.0,29966.501255,0.997885489676989676
1,18308182,0x853d955acef822db058eb8505911ed77f175b99e,0xA0b86991c6218b36c1d19D4a2e9Eb0cE3606eB48,30030.0,29966.501255,0.997885489676989676
1,18308183,0x853d955acef822db058eb8505911ed77f175b99e,0xA0b86991c6218b36c1d19D4a2e9Eb0cE3606eB48,30030.0,29966.501255,0.997885489676989676
1,18308184,0x853d955acef822db058eb8505911ed77f175b99e,0xA0b86991c6218b36c1d19D4a2e9Eb0cE3606eB48,30030.0,29966.501255,0.997885489676989676
1,18308185,0x853d955acef822db058eb8505911ed77f175b99e,0xA0b86991c6218b36c1d19D4a2e9Eb0cE3606eB48,30030.0,29966.501255,0.997885489676989676
1,18308186,0x853d955acef822db058eb8505911ed77f175b99e,0xA0b86991c6218b36c1d19D4a2e9Eb0cE3606eB48,30030.0,29966.501255,0.997885489676989676
1,18308187,0x853d955acef822db058eb8505911ed77f175b99e,0xA0b86991c6218b36c1d19D4a2e9Eb0cE3606eB48,30030.0,29966.501255,0.997885489676989676
1,18308188,0x853d955acef822db058eb8505911ed77f175b99e,0xA0b86991c6218b36c1d19D4a2e9Eb0cE3606eB48,30030.0,29966.501255,0.997885489676989676
1,18308189,0x853d955acef822db058eb8505911ed77f175b99e,0xA0b86991c6218b36c1d19D4a2e9Eb0cE3606eB48,30030.0,29966.501255,0.997885489676989676
1,18308190,0x853d955acef822db058eb8505911ed77f175b99e,0xA0b86991c6218b36c1d19D4a2e9Eb0cE3606eB48,30030.0,29966.501255,0.997885489676989676
1,18308191,0x853d955acef822db058eb8505911ed77f175b99e,0xA0b86991c6218b36c1d19D4a2e9Eb0cE3606eB48,30030.0,29966.501255,0.997885489676989676
1,18308192,0x853d955acef822db058eb8505911ed77f175b99e,0xA0b86991c6218b36c1d19D4a2e9Eb0cE3606eB48,30030.0,29966.501255,0.997885489676989676
1,18308193,0x853d955acef822db058eb8505911ed77f175b99e,0xA0b86991c6218b36c1d19D4a2e9Eb0cE3606eB48,30030.0,29966.501255,0.997885489676989676
1,18308194,0x853d955acef822db058eb8505911ed77f175b99e,0xA0b86991c6218b36c1d19D4a2e9Eb0cE3606eB48,30030.0,29966.501255,0.997885489676989676
1,18308195,0x853d955acef822db058eb8505911ed77f175b99e,0xA0b86991c6218b36c1d19D4a2e9Eb0cE3606eB48,30030.0,29966.501255,0.997885489676989676
1,18308196,0x853d955acef822db058eb8505911ed77f175b99e,0xA0b86991c6218b36c1d19D4a2e9Eb0cE3606eB48,30030.0,29966.501255,0.997885489676989676
1,18308197,0x853d955acef822db058eb8505911ed77f175b99e,0xA0b86991c6218b36c1d19D4a2e9Eb0cE3606eB48,30030.0,29966.501255,0.997885489676989676
1,18308198,0x853d955acef822db058eb8505911ed77f175b99e,0xA0b86991c6218b36c1d19D4a2e9Eb0cE3606eB48,30030.0,29966.501255,0.997885489676989676
1,18308199,0x853d955acef822db058eb8505911ed77f175b99e,0xA0b86991c6218b36c1d19D4a2e9Eb0cE3606eB48,30030.0,29966.501255,0.997885489676989676
1,18308200,0x853d955acef822db058eb8505911ed77f175b99e,0xA0b86991c6218b36c1d19D4a2e9Eb0cE3606eB48,30030.0,29966.501255,0.997885489676989676
1,18308201,0x853d955acef822db058eb8505911ed77f175b99e,0xA0b86991c6218b36c1d19D4a2e9Eb0cE3606eB48,30030.0,29966.501255,0.997885489676989676
1,18308202,0x853d955acef822db058eb8505911ed77f175b99e,0xA0b86991c6218b36c1d19D4a2e9Eb0cE3606eB48,30030.0,29966.501255,0.997885489676989676
1,18308203,0x853d955acef822db058eb8505911ed77f175b99e,0xA0b86991c6218b36c1d19D4a2e9Eb0cE3606eB48,30030.0,29966.501255,0.997885489676989676
1,18308204,0x853d955acef822db058eb8505911ed77f175b99e,0xA0b86991c6218b36c1d19D4a2e9Eb0cE3606eB48,30030.0,29966.501255,0.997885489676989676
1,18308205,0x853d955acef822db058eb8505911ed77f175b99e,0xA0b86991c6218b36c1d19D4a2e9Eb0cE3606eB48,30030.0,29966.501255,0.997885489676989676
1,18308206,0x853d955acef822db058eb8505911ed77f175b99e,0xA0b86991c6218b36c1d19D4a2e9Eb0cE3606eB48,30030.0,29966.501255,0.997885489676989676
1,18308207,0x853d955acef822db058eb8505911ed77f175b99e,0xA0b86991c6218b36c1d19D4a2e9Eb0cE3606eB48,30030.0,29966.501255,0.997885489676989676
1,18308208,0x853d955acef822db058eb8505911ed77f175b99e,0xA0b86991c6218b36c1d19D4a2e9Eb0cE3606eB48,30030.0,29966.501255,0.997885489676989676
1,18308209,0x853d955acef822db058eb8505911ed77f175b99e,0xA0b86991c6218b36c1d19D4a2e9Eb0cE3606eB48,30030.0,29966.501255,0.997885489676989676
1,18308210,0x853d955acef822db058eb8505911ed77f175b99e,0xA0b86991c6218b36c1d19D4a2e9Eb0cE3606eB48,30030.0,29966.501255,0.997885489676989676
1,18308211,0x853d955acef822db058eb8505911ed77f175b99e,0xA0b86991c6218b36c1d19D4a2e9Eb0cE3606eB48,30030.0,29966.501255,0.997885489676989676
1,18308212,0x853d955acef822db058eb8505911ed77f175b99e,0xA0b86991c6218b36c1d19D4a2e9Eb0cE3606eB48,30030.0,29966.501255,0.997885489676989676
1,18308213,0x853d955acef822db058eb8505911ed77f175b99e,0xA0b86991c6218b36c1d19D4a2e9Eb0cE3606eB48,30030.0,29966.501255,0.997885489676989676
1,18308214,0x853d955acef822db058eb8505911ed77f175b99e,0xA0b86991c6218b36c1d19D4a2e9Eb0cE3606eB48,30030.0,29966.501255,0.997885489676989676
1,18308215,0x853d955acef822db058eb8505911ed77f175b99e,0xA0b86991c6218b36c1d19D4a2e9Eb0cE3606eB48,30030.0,29966.501255,0.997885489676989676
1,18308216,0x853d955acef822db058eb8505911ed77f175b99e,0xA0b86991c6218b36c1d19D4a2e9Eb0cE3606eB48,30030.0,29966.501255,0.997885489676989676
1,18308217,0x853d955acef822db058eb8505911ed77f175b99e,0xA0b86991c6218b36c1d19D4a2e9Eb0cE3606eB48,30030.0,29966.501255,0.997885489676989676
1,18308218,0x853d955acef822db058eb8505911ed77f175b99e,0xA0b86991c6218b36c1d19D4a2e9Eb0cE3606eB48,30030.0,29966.501255,0.997885489676989676
1,18308219,0x853d955acef822db058eb8505911ed77f175b99e,0xA0b86991c6218b36c1d19D4a2e9Eb0cE3606eB48,30030.0,29966.501255,0.997885489676989676
1,18308220,0x853d955acef822db058eb8505911ed77f175b99e,0xA0b86991c6218b36c1d19D4a2e9Eb0cE3606eB48,30030.0,29966.501255,0.997885489676989676
1,18308221,0x853d955acef822db058eb8505911ed77f175b99e,0xA0b86991c6218b36c1d19D4a2e9Eb0cE3606eB48,30030.0,29966.501255,0.997885489676989676
1,18308222,0x853d955acef822db058eb8505911ed77f175b99e,0xA0b86991c6218b36c1d19D4a2e9Eb0cE3606eB48,30030.0,29966.501255,0.997885489676989676
1,18308223,0x853d955acef822db058eb8505911ed77f175b99e,0xA0b86991c6218b36c1d19D4a2e9Eb0cE3606eB48,30030.0,29966.501255,0.997885489676989676
1,18308224,0x853d955acef822db058eb8505911ed77f175b99e,0xA0b86991c6218b36c1d19D4a2e9Eb0cE3606eB48,30030.0,29966.501255,0.997885489676989676
1,18308225,0x853d955acef822db058eb8505911ed77f175b99e,0xA0b86991c6218b36c1d19D4a2e9Eb0cE3606eB48,30030.0,29966.501255,0.997885489676989676
1,18308226,0x853d955acef822db058eb8505911ed77f175b99e,0xA0b86991c6218b36c1d19D4a2e9Eb0cE3606eB48,30030.0,29966.501255,0.997885489676989676
1,18308227,0x853d955acef822db058eb8505911ed77f175b99e,0xA0b86991c6218b36c1d19D4a2e9Eb0cE3606eB48,30030.0,29966.501255,0.997885489676989676
1,18308228,0x853d955acef822db058eb8505911ed77f175b99e,0xA0b86991c6218b36c1d19D4a2e9Eb0cE3606eB48,30030.0,29966.501255,0.997885489676989676
1,18308229,0x853d955acef822db058eb8505911ed77f175b99e,0xA0b86991c6218b36c1d19D4a2e9Eb0cE3606eB48,30030.0,29966.501255,0.997885489676989676
1,18308230,0x853d955acef822db058eb8505911ed77f175b99e,0xA0b86991c6218b36c1d19D4a2e9Eb0cE3606eB48,30030.0,29966.501255,0.997885489676989676
1,18308231,0x853d955acef822db058eb8505911ed77f175b99e,0xA0b86991c6218b36c1d19D4a2e9Eb0cE3606eB48,30030.0,29966.501255,0.997885489676989676
1,18308232,0x853d955acef822db058eb8505911ed77f175b99e,0xA0b86991c6218b36c1d19D4a2e9Eb0cE3606eB48,30030.0,29966.501255,0.997885489676989676
1,18308233,0x853d955acef822db058eb8505911ed77f175b99e,0xA0b86991c6218b36c1d19D4a2e9Eb0cE3606eB48,30030.0,29966.501255,0.997885489676989676
1,18308234,0x853d955acef822db058eb8505911ed77f175b99e,0xA0b86991c6218b36c1d19D4a2e9Eb0cE3606eB48,30030.0,29966.501255,0.997885489676989676
1,18308235,0x853d955acef822db058eb8505911ed77f175b99e,0xA0b86991c6218b36c1d19D4a2e9Eb0cE3606eB48,30030.0,29966.501255,0.997885489676989676
1,18308236,0x853d955acef822db058eb8505911ed77f175b99e,0xA0b86991c6218b36c1d19D4a2e9Eb0cE3606eB48,30030.0,29966.501255,0.997885489676989676
1,18308237,0x853d955acef822db058eb8505911ed77f175b99e,0xA0b86991c6218b36c1d19D4a2e9Eb0cE3606eB48,30030.0,29966.501255,0.997885489676989676
1,18308238,0x853d955acef822db058eb8505911ed77f175b99e,0xA0b86991c6218b36c1d19D4a2e9Eb0cE3606eB48,30030.0,29966.501255,0.997885489676989676
1,18308239,0x853d955acef822db058eb8505911ed77f175b99e,0xA0b86991c6218b36c1d19D4a2e9Eb0cE3606eB48,30030.0,29966.501255,0.997885489676989676
1,18308240,0x853d955acef822db058eb8505911ed77f175b99e,0xA0b86991c6218b36c1d19D4a2e9Eb0cE3606eB48,30030.0,29966.501255,0.997885489676989676
1,18308241,0x853d955acef822db058eb8505911ed77f175b99e,0xA0b86991c6218b36c1d19D4a2e9Eb0cE3606eB48,30030.0,29966.501255,0.997885489676989676
1,18308242,0x853d955acef822db058eb8505911ed77f175b99e,0xA0b86991c6218b36c1d19D4a2e9Eb0cE3606eB48,30030.0,29966.501255,0.997885489676989676
1,18308243,0x853d955acef822db058eb8505911ed77f175b99e,0xA0b86991c6218b36c1d19D4a2e9Eb0cE3606eB48,30030.0,29966.501255,0.997885489676989676
1,18308244,0x853d955acef822db058eb8505911ed77f175b99e,0xA0b86991c6218b36c1d19D4a2e9Eb0cE3606eB48,30030.0,29966.501255,0.997885489676989676
1,18308245,0x853d955acef822db058eb8505911ed77f175b99e,0xA0b86991c6218b36c1d19D4a2e9Eb0cE3606eB48,30030.0,29966.501255,0.997885489676989676
1,18308246,0x853d955acef822db058eb8505911ed77f175b99e,0xA0b86991c6218b36c1d19D4a2e9Eb0cE3606eB48,30030.0,29966.501255,0.997885489676989676
1,18308247,0x853d955acef822db058eb8505911ed77f175b99e,0xA0b86991c6218b36c1d19D4a2e9Eb0cE3606eB48,30030.0,29966.501255,0.997885489676989676
1,18308248,0x853d955acef822db058eb8505911ed77f175b99e,0xA0b86991c6218b36c1d19D4a2e9Eb0cE3606eB48,30030.0,29966.501255,0.997885489676989676
1,18308249,0x853d955acef822db058eb8505911ed77f175b99e,0xA0b86991c6218b36c1d19D4a2e9Eb0cE3606eB48,30030.0,29966.501255,0.997885489676989676
1,18308250,0x853d955acef822db058eb8505911ed77f175b99e,0xA0b86991c6218b36c1d19D4a2e9Eb0cE3606eB48,30030.0,29966.501255,0.997885489676989676
1,18308251,0x853d955acef822db058eb8505911ed77f175b99e,0xA0b86991c6218b36c1d19D4a2e9Eb0cE3606eB48,30030.0,29966.501255,0.997885489676989676
1,18308252,0x853d955acef822db058eb8505911ed77f175b99e,0xA0b86991c6218b36c1d19D4a2e9Eb0cE3606eB48,30030.0,29966.501255,0.997885489676989676
1,18308253,0x853d955acef822db058eb8505911ed77f175b99e,0xA0b86991c6218b36c1d19D4a2e9Eb0cE3606eB48,30030.0,29966.501255,0.997885489676989676
1,18308254,0x853d955acef822db058eb8505911ed77f175b99e,0xA0b86991c6218b36c1d19D4a2e9Eb0cE3606eB48,30030.0,29966.501255,0.997885489676989676
1,18308255,0x853d955acef822db058eb8505911ed77f175b99e,0xA0b86991c6218b36c1d19D4a2e9Eb0cE3606eB48,30030.0,29966.501255,0.997885489676989676
1,18308256,0x853d955acef822db058eb8505911ed77f175b99e,0xA0b86991c6218b36c1d19D4a2e9Eb0cE3606eB48,30030.0,29966.501255,0.997885489676989676
1,18308257,0x853d955acef822db058eb8505911ed77f175b99e,0xA0b86991c6218b36c1d19D4a2e9Eb0cE3606eB48,30030.0,29966.501255,0.997885489676989676
1,18308258,0x853d955acef822db058eb8505911ed77f175b99e,0xA0b86991c6218b36c1d19D4a2e9Eb0cE3606eB48,30030.0,29966.501255,0.997885489676989676
1,18308259,0x853d955acef822db058eb8505911ed77f175b99e,0xA0b86991c6218b36c1d19D4a2e9Eb0cE3606eB48,30030.0,29966.501255,0.997885489676989676
1,18308260,0x853d955acef822db058eb8505911ed77f175b99e,0xA0b86991c6218b36c1d19D4a2e9Eb0cE3606eB48,30030.0,29966.501255,0.997885489676989676
1,18308261,0x853d955acef822db058eb8505911ed77f175b99e,0xA0b86991c6218b36c1d19D4a2e9Eb0cE3606eB48,30030.0,29966.501255,0.997885489676989676
1,18308262,0x853d955acef822db058eb8505911ed77f175b99e,0xA0b86991c6218b36c1d19D4a2e9Eb0cE3606eB48,30030.0,29966.501255,0.997885489676989676
1,18308263,0x853d955acef822db058eb8505911ed77f175b99e,0xA0b86991c6218b36c1d19D4a2e9Eb0cE3606eB48,30030.0,29966.501255,0.997885489676989676
1,18308264,0x853d955acef822db058eb8505911ed77f175b99e,0xA0b86991c6218b36c1d19D4a2e9Eb0cE3606eB48,30030.0,29966.501255,0.997885489676989676
1,18308265,0x853d955acef822db058eb8505911ed77f175b99e,0xA0b86991c6218b36c1d19D4a2e9Eb0cE3606eB48,30030.0,29966.501255,0.997885489676989676
1,18308266,0x853d955acef822db058eb8505911ed77f175b99e,0xA0b86991c6218b36c1d19D4a2e9Eb0cE3606eB48,30030.0,29966.501255,0.997885489676989676
1,18308267,0x853d955acef822db058eb8505911ed77f175b99e,0xA0b86991c6218b36c1d19D4a2e9Eb0cE3606eB48,30030.0,29966.501255,0.997885489676989676
1,18308268,0x853d955acef822db058eb8505911ed77f175b99e,0xA0b86991c6218b36c1d19D4a2e9Eb0cE3606eB48,30030.0,29966.501255,0.997885489676989676
1,18308269,0x853d955acef822db058eb8505911ed77f175b99e,0xA0b86991c6218b36c1d19D4a2e9Eb0cE3606eB48,30030.0,29966.501255,0.997885489676989676
1,18308270,0x853d955acef822db058eb8505911ed77f175b99e,0xA0b86991c6218b36c1d19D4a2e9Eb0cE3606eB48,30030.0,29966.501255,0.997885489676989676
1,18308271,0x853d955acef822db058eb8505911ed77f175b99e,0xA0b86991c6218b36c1d19D4a2e9Eb0cE3606eB48,30030.0,29966.501255,0.997885489676989676
1,18308272,0x853d955acef822db058eb8505911ed77f175b99e,0xA0b86991c6218b36c1d19D4a2e9Eb0cE3606eB48,30030.0,29966.501255,0.997885489676989676
1,18308273,0x853d955acef822db058eb8505911ed77f175b99e,0xA0b86991c6218b36c1d19D4a2e9Eb0cE3606eB48,30030.0,29966.501255,0.997885489676989676
1,18308274,0x853d955acef822db058eb8505911ed77f175b99e,0xA0b86991c6218b36c1d19D4a2e9Eb0cE3606eB48,30030.0,29966.501255,0.997885489676989676
1,18308275,0x853d955acef822db058eb8505911ed77f175b99e,0xA0b86991c6218b36c1d19D4a2e9Eb0cE3606eB48,30030.0,29966.501255,0.997885489676989676
1,18308276,0x853d955acef822db058eb8505911ed77f175b99e,0xA0b86991c6218b36c1d19D4a2e9Eb0cE3606eB48,30030.0,29966.501255,0.997885489676989676
1,18308277,0x853d955acef822db058eb8505911ed77f175b99e,0xA0b86991c6218b36c1d19D4a2e9Eb0cE3606eB48,30030.0,29966.501255,0.997885489676989676
1,18308278,0x853d955acef822db058eb8505911ed77f175b99e,0xA0b86991c6218b36c1d19D4a2e9Eb0cE3606eB48,30030.0,29966.501255,0.997885489676989676
1,18308279,0x853d955acef822db058eb8505911ed77f175b99e,0xA0b86991c6218b36c1d19D4a2e9Eb0cE3606eB48,30030.0,29966.501255,0.997885489676989676
1,18308280,0x853d955acef822db058eb8505911ed77f175b99e,0xA0b86991c6218b36c1d19D4a2e9Eb0cE3606eB48,30030.0,29966.501255,0.997885489676989676
1,18308281,0x853d955acef822db058eb8505911ed77f175b99e,0xA0b86991c6218b36c1d19D4a2e9Eb0cE3606eB48,30030.0,29966.501255,0.997885489676989676
1,18308282,0x853d955acef822db058eb8505911ed77f175b99e,0xA0b86991c6218b36c1d19D4a2e9Eb0cE3606eB48,30030.0,29966.501255,0.997885489676989676
1,18308283,0x853d955acef822db058eb8505911ed77f175b99e,0xA0b86991c6218b36c1d19D4a2e9Eb0cE3606eB48,30030.0,29966.499959,0.99788544652014652
1,18308284,0x853d955acef822db058eb8505911ed77f175b99e,0xA0b86991c6218b36c1d19D4a2e9Eb0cE3606eB48,30030.0,29966.499959,0.99788544652014652
1,18308285,0x853d955acef822db058eb8505911ed77f175b99e,0xA0b86991c6218b36c1d19D4a2e9Eb0cE3606eB48,30030.0,29966.499959,0.99788544652014652
1,18308286,0x853d955acef822db058eb8505911ed77f175b99e,0xA0b86991c6218b36c1d19D4a2e9Eb0cE3606eB48,30030.0,29966.499959,0.99788544652014652
1,18308287,0x853d955acef822db058eb8505911ed77f175b99e,0xA0b86991c6218b36c1d19D4a2e9Eb0cE3606eB48,30030.0,29966.499959,0.99788544652014652
1,18308288,0x853d955acef822db058eb8505911ed77f175b99e,0xA0b86991c6218b36c1d19D4a2e9Eb0cE3606eB48,30030.0,29966.499959,0.99788544652014652
1,18308289,0x853d955acef822db058eb8505911ed77f175b99e,0xA0b86991c6218b36c1d19D4a2e9Eb0cE3606eB48,30030.0,29966.499959,0.99788544652014652
1,18308290,0x853d955acef822db058eb8505911ed77f175b99e,0xA0b86991c6218b36c1d19D4a2e9Eb0cE3606eB48,30030.0,29966.499959,0.99788544652014652
1,18308291,0x853d955acef822db058eb8505911ed77f175b99e,0xA0b86991c6218b36c1d19D4a2e9Eb0cE3606eB48,30030.0,29966.499959,0.99788544652014652
1,18308292,0x853d955acef822db058eb8505911ed77f175b99e,0xA0b86991c6218b36c1d19D4a2e9Eb0cE3606eB48,30030.0,29966.499959,0.99788544652014652
1,18308293,0x853d955acef822db058eb8505911ed77f175b99e,0xA0b86991c6218b36c1d19D4a2e9Eb0cE3606eB48,30030.0,29966.499959,0.99788544652014652
1,18308294,0x853d955acef822db058eb8505911ed77f175b99e,0xA0b86991c6218b36c1d19D4a2e9Eb0cE3606eB48,30030.0,29966.499959,0.99788544652014652
1,18308295,0x853d955acef822db058eb8505911ed77f175b99e,0xA0b86991c6218b36c1d19D4a2e9Eb0cE3606eB48,30030.0,29966.499959,0.99788544652014652
1,18308296,0x853d955acef822db058eb8505911ed77f175b99e,0xA0b86991c6218b36c1d19D4a2e9Eb0cE3606eB48,30030.0,29966.502353,0.99788552624042624
1,18308297,0x853d955acef822db058eb8505911ed77f175b99e,0xA0b86991c6218b36c1d19D4a2e9Eb0cE3606eB48,30030.0,29966.502353,0.99788552624042624
1,18308298,0x853d955acef822db058eb8505911ed77f175b99e,0xA0b86991c6218b36c1d19D4a2e9Eb0cE3606eB48,30030.0,29966.502353,0.99788552624042624
1,18308299,0x853d955acef822db058eb8505911ed77f175b99e,0xA0b86991c6218b36c1d19D4a2e9Eb0cE3606eB48,30030.0,29966.502353,0.99788552624042624
1,18308300,0x853d955acef822db058eb8505911ed77f175b99e,0xA0b86991c6218b36c1d19D4a2e9Eb0cE3606eB48,30030.0,29966.502353,0.99788552624042624
1,18308301,0x853d955acef822db058eb8505911ed77f175b99e,0xA0b86991c6218b36c1d19D4a2e9Eb0cE3606eB48,30030.0,29966.502353,0.99788552624042624
1,18308302,0x853d955acef822db058eb8505911ed77f175b99e,0xA0b86991c6218b36c1d19D4a2e9Eb0cE3606eB48,30030.0,29966.502353,0.99788552624042624
1,18308303,0x853d955acef822db058eb8505911ed77f175b99e,0xA0b86991c6218b36c1d19D4a2e9Eb0cE3606eB48,30030.0,29966.502353,0.99788552624042624
1,18308304,0x853d955acef822db058eb8505911ed77f175b99e,0xA0b86991c6218b36c1d19D4a2e9Eb0cE3606eB48,30030.0,29966.502353,0.99788552624042624
1,18308305,0x853d955acef822db058eb8505911ed77f175b99e,0xA0b86991c6218b36c1d19D4a2e9Eb0cE3606eB48,30030.0,29966.502353,0.99788552624042624
1,18308306,0x853d955acef822db058eb8505911ed77f175b99e,0xA0b86991c6218b36c1d19D4a2e9Eb0cE3606eB48,30030.0,29966.502353,0.99788552624042624
1,18308307,0x853d955acef822db058eb8505911ed77f175b99e,0xA0b86991c6218b36c1d19D4a2e9Eb0cE3606eB48,30030.0,29966.502353,0.99788552624042624
1,18308308,0x853d955acef822db058eb8505911ed77f175b99e,0xA0b86991c6218b36c1d19D4a2e9Eb0cE3606eB48,30030.0,29966.502353,0.99788552624042624
1,18308309,0x853d955acef822db058eb8505911ed77f175b99e,0xA0b86991c6218b36c1d19D4a2e9Eb0cE3606eB48,30030.0,29966.502353,0.99788552624042624
1,18308310,0x853d955acef822db058eb8505911ed77f175b99e,0xA0b86991c6218b36c1d19D4a2e9Eb0cE3606eB48,30030.0,29966.502353,0.99788552624042624
1,18308311,0x853d955acef822db058eb8505911ed77f175b99e,0xA0b86991c6218b36c1d19D4a2e9Eb0cE3606eB48,30030.0,29966.502353,0.99788552624042624
1,18308312,0x853d955acef822db058eb8505911ed77f175b99e,0xA0b86991c6218b36c1d19D4a2e9Eb0cE3606eB48,30030.0,29966.502353,0.99788552624042624
1,18308313,0x853d955acef822db058eb8505911ed77f175b99e,0xA0b86991c6218b36c1d19D4a2e9Eb0cE3606eB48,30030.0,29966.502353,0.99788552624042624
1,18308314,0x853d955acef822db058eb8505911ed77f175b99e,0xA0b86991c6218b36c1d19D4a2e9Eb0cE3606eB48,30030.0,29966.502353,0.99788552624042624
1,18308315,0x853d955acef822db058eb8505911ed77f175b99e,0xA0b86991c6218b36c1d19D4a2e9Eb0cE3606eB48,30030.0,29966.502353,0.99788552624042624
1,18308316,0x853d955acef822db058eb8505911ed77f175b99e,0xA0b86991c6218b36c1d19D4a2e9Eb0cE3606eB48,30030.0,29966.502353,0.99788552624042624
1,18308317,0x853d955acef822db058eb8505911ed77f175b99e,0xA0b86991c6218b36c1d19D4a2e9Eb0cE3606eB48,30030.0,29966.502353,0.99788552624042624
1,18308318,0x853d955acef822db058eb8505911ed77f175b99e,0xA0b86991c6218b36c1d19D4a2e9Eb0cE3606eB48,30030.0,29966.502353,0.99788552624042624
1,18308319,0x853d955acef822db058eb8505911ed77f175b99e,0xA0b86991c6218b36c1d19D4a2e9Eb0cE3606eB48,30030.0,29966.502353,0.99788552624042624
1,18308320,0x853d955acef822db058eb8505911ed77f175b99e,0xA0b86991c6218b36c1d19D4a2e9Eb0cE3606eB48,30030.0,29966.502353,0.99788552624042624
1,18308321,0x853d955acef822db058eb8505911ed77f175b99e,0xA0b86991c6218b36c1d19D4a2e9Eb0cE3606eB48,30030.0,29966.502353,0.99788552624042624
1,18308322,0x853d955acef822db058eb8505911ed77f175b99e,0xA0b86991c6218b36c1d19D4a2e9Eb0cE3606eB48,30030.0,29966.502353,0.99788552624042624
1,18308323,0x853d955acef822db058eb8505911ed77f175b99e,0xA0b86991c6218b36c1d19D4a2e9Eb0cE3606eB48,30030.0,29966.502353,0.99788552624042624
1,18308324,0x853d955acef822db058eb8505911ed77f175b99e,0xA0b86991c6218b36c1d19D4a2e9Eb0cE3606eB48,30030.0,29966.502353,0.99788552624042624
1,18308325,0x853d955acef822db058eb8505911ed77f175b99e,0xA0b86991c6218b36c1d19D4a2e9Eb0cE3606eB48,30030.0,29966.502353,0.99788552624042624
1,18308326,0x853d955acef822db058eb8505911ed77f175b99e,0xA0b86991c6218b36c1d19D4a2e9Eb0cE3606eB48,30030.0,29966.502353,0.99788552624042624
1,18308327,0x853d955acef822db058eb8505911ed77f175b99e,0xA0b86991c6218b36c1d19D4a2e9Eb0cE3606eB48,30030.0,29966.502353,0.99788552624042624
1,18308328,0x853d955acef822db058eb8505911ed77f175b99e,0xA0b86991c6218b36c1d19D4a2e9Eb0cE3606eB48,30030.0,29966.502353,0.99788552624042624
1,18308329,0x853d955acef822db058eb8505911ed77f175b99e,0xA0b86991c6218b36c1d19D4a2e9Eb0cE3606eB48,30030.0,29966.502353,0.99788552624042624
1,18308330,0x853d955acef822db058eb8505911ed77f175b99e,0xA0b86991c6218b36c1d19D4a2e9Eb0cE3606eB48,30030.0,29966.502353,0.99788552624042624
1,18308331,0x853d955acef822db058eb8505911ed77f175b99e,0xA0b86991c6218b36c1d19D4a2e9Eb0cE3606eB48,30030.0,29966.502353,0.99788552624042624
1,18308332,0x853d955acef822db058eb8505911ed77f175b99e,0xA0b86991c6218b36c1d19D4a2e9Eb0cE3606eB48,30030.0,29966.502353,0.99788552624042624
1,18308333,0x853d955acef822db058eb8505911ed77f175b99e,0xA0b86991c6218b36c1d19D4a2e9Eb0cE3606eB48,30030.0,29966.502353,0.99788552624042624
1,18308334,0x853d955acef822db058eb8505911ed77f175b99e,0xA0b86991c6218b36c1d19D4a2e9Eb0cE3606eB48,30030.0,29966.502353,0.99788552624042624
1,18308335,0x853d955acef822db058eb8505911ed77f175b99e,0xA0b86991c6218b36c1d19D4a2e9Eb0cE3606eB48,30030.0,29966.502353,0.99788552624042624
1,18308336,0x853d955acef822db058eb8505911ed77f175b99e,0xA0b86991c6218b36c1d19D4a2e9Eb0cE3606eB48,30030.0,29966.502353,0.99788552624042624
1,18308337,0x853d955acef822db058eb8505911ed77f175b99e,0xA0b86991c6218b36c1d19D4a2e9Eb0cE3606eB48,30030.0,29966.502353,0.99788552624042624
1,18308338,0x853d955acef822db058eb8505911ed77f175b99e,0xA0b86991c6218b36c1d19D4a2e9Eb0cE3606eB48,30030.0,29966.502353,0.99788552624042624
1,18308339,0x853d955acef822db058eb8505911ed77f175b99e,0xA0b86991c6218b36c1d19D4a2e9Eb0cE3606eB48,30030.0,29966.502353,0.99788552624042624
1,18308340,0x853d955acef822db058eb8505911ed77f175b99e,0xA0b86991c6218b36c1d19D4a2e9Eb0cE3606eB48,30030.0,29966.502353,0.99788552624042624
1,18308341,0x853d955acef822db058eb8505911ed77f175b99e,0xA0b86991c6218b36c1d19D4a2e9Eb0cE3606eB48,30030.0,29966.502353,0.99788552624042624
1,18308342,0x853d955acef822db058eb8505911ed77f175b99e,0xA0b86991c6218b36c1d19D4a2e9Eb0cE3606eB48,30030.0,29966.502353,0.99788552624042624
1,18308343,0x853d955acef822db058eb8505911ed77f175b99e,0xA0b86991c6218b36c1d19D4a2e9Eb0cE3606eB48,30030.0,29966.502353,0.99788552624042624
1,18308344,0x853d955acef822db058eb8505911ed77f175b99e,0xA0b86991c6218b36c1d19D4a2e9Eb0cE3606eB48,30030.0,29966.502353,0.99788552624042624
1,18308345,0x853d955acef822db058eb8505911ed77f175b99e,0xA0b86991c6218b36c1d19D4a2e9Eb0cE3606eB48,30030.0,29966.502353,0.99788552624042624
1,18308346,0x853d955acef822db058eb8505911ed77f175b99e,0xA0b86991c6218b36c1d19D4a2e9Eb0cE3606eB48,30030.0,29966.502353,0.99788552624042624
1,18308347,0x853d955acef822db058eb8505911ed77f175b99e,0xA0b86991c6218b36c1d19D4a2e9Eb0cE3606eB48,30030.0,29966.502353,0.99788552624042624
1,18308348,0x853d955acef822db058eb8505911ed77f175b99e,0xA0b86991c6218b36c1d19D4a2e9Eb0cE3606eB48,30030.0,29966.502353,0.99788552624042624
1,18308349,0x853d955acef822db058eb8505911ed77f175b99e,0xA0b86991c6218b36c1d19D4a2e9Eb0cE3606eB48,30030.0,29966.502353,0.99788552624042624
1,18308350,0x853d955acef822db058eb8505911ed77f175b99e,0xA0b86991c6218b36c1d19D4a2e9Eb0cE3606eB48,30030.0,29966.502353,0.99788552624042624
1,18308351,0x853d955acef822db058eb8505911ed77f175b99e,0xA0b86991c6218b36c1d19D4a2e9Eb0cE3606eB48,30030.0,29966.502353,0.99788552624042624
1,18308352,0x853d955acef822db058eb8505911ed77f175b99e,0xA0b86991c6218b36c1d19D4a2e9Eb0cE3606eB48,30030.0,29966.502353,0.99788552624042624
1,18308353,0x853d955acef822db058eb8505911ed77f175b99e,0xA0b86991c6218b36c1d19D4a2e9Eb0cE3606eB48,30030.0,29966.502353,0.99788552624042624
1,18308354,0x853d955acef822db058eb8505911ed77f175b99e,0xA0b86991c6218b36c1d19D4a2e9Eb0cE3606eB48,30030.0,29966.502353,0.99788552624042624
1,18308355,0x853d955acef822db058eb8505911ed77f175b99e,0xA0b86991c6218b36c1d19D4a2e9Eb0cE3606eB48,30030.0,29966.502353,0.99788552624042624
1,18308356,0x853d955acef822db058eb8505911ed77f175b99e,0xA0b86991c6218b36c1d19D4a2e9Eb0cE3606eB48,30030.0,29966.502353,0.99788552624042624
1,18308357,0x853d955acef822db058eb8505911ed77f175b99e,0xA0b86991c6218b36c1d19D4a2e9Eb0cE3606eB48,30030.0,29966.502353,0.99788552624042624
1,18308358,0x853d955acef822db058eb8505911ed77f175b99e,0xA0b86991c6218b36c1d19D4a2e9Eb0cE3606eB48,30030.0,29966.502353,0.99788552624042624
1,18308359,0x853d955acef822db058eb8505911ed77f175b99e,0xA0b86991c6218b36c1d19D4a2e9Eb0cE3606eB48,30030.0,29966.502353,0.99788552624042624
1,18308360,0x853d955acef822db058eb8505911ed77f175b99e,0xA0b86991c6218b36c1d19D4a2e9Eb0cE3606eB48,30030.0,29966.502353,0.99788552624042624
1,18308361,0x853d955acef822db058eb8505911ed77f175b99e,0xA0b86991c6218b36c1d19D4a2e9Eb0cE3606eB48,30030.0,29966.502353,0.99788552624042624
1,18308362,0x853d955acef822db058eb8505911ed77f175b99e,0xA0b86991c6218b36c1d19D4a2e9Eb0cE3606eB48,30030.0,29966.502353,0.99788552624042624
1,18308363,0x853d955acef822db058eb8505911ed77f175b99e,0xA0b86991c6218b36c1d19D4a2e9Eb0cE3606eB48,30030.0,29966.502353,0.99788552624042624
1,18308364,0x853d955acef822db058eb8505911ed77f175b99e,0xA0b86991c6218b36c1d19D4a2e9Eb0cE3606eB48,30030.0,29966.502353,0.99788552624042624
1,18308365,0x853d955acef822db058eb8505911ed77f175b99e,0xA0b86991c6218b36c1d19D4a2e9Eb0cE3606eB48,30030.0,29966.502353,0.99788552624042624
1,18308366,0x853d955acef822db058eb8505911ed77f175b99e,0xA0b86991c6218b36c1d19D4a2e9Eb0cE3606eB48,30030.0,29966.502353,0.99788552624042624
1,18308367,0x853d955acef822db058eb8505911ed77f175b99e,0xA0b86991c6218b36c1d19D4a2e9Eb0cE3606eB48,30030.0,29966.502353,0.99788552624042624
1,18308368,0x853d955acef822db058eb8505911ed77f175b99e,0xA0b86991c6218b36c1d19D4a2e9Eb0cE3606eB48,30030.0,29966.502353,0.99788552624042624
1,18308369,0x853d955acef822db058eb8505911ed77f175b99e,0xA0b86991c6218b36c1d19D4a2e9Eb0cE3606eB48,30030.0,29966.502353,0.99788552624042624
1,18308370,0x853d955acef822db058eb8505911ed77f175b99e,0xA0b86991c6218b36c1d19D4a2e9Eb0cE3606eB48,30030.0,29966.502353,0.99788552624042624
1,18308371,0x853d955acef822db058eb8505911ed77f175b99e,0xA0b86991c6218b36c1d19D4a2e9Eb0cE3606eB48,30030.0,29966.502353,0.99788552624042624
1,18308372,0x853d955acef822db058eb8505911ed77f175b99e,0xA0b86991c6218b36c1d19D4a2e9Eb0cE3606eB48,30030.0,29966.502353,0.99788552624042624
1,18308373,0x853d955acef822db058eb8505911ed77f175b99e,0xA0b86991c6218b36c1d19D4a2e9Eb0cE3606eB48,30030.0,29966.502353,0.99788552624042624
1,18308374,0x853d955acef822db058eb8505911ed77f175b99e,0xA0b86991c6218b36c1d19D4a2e9Eb0cE3606eB48,30030.0,29966.502353,0.99788552624042624
1,18308375,0x853d955acef822db058eb8505911ed77f175b99e,0xA0b86991c6218b36c1d19D4a2e9Eb0cE3606eB48,30030.0,29966.502353,0.99788552624042624
1,18308376,0x853d955acef822db058eb8505911ed77f175b99e,0xA0b86991c6218b36c1d19D4a2e9Eb0cE3606eB48,30030.0,29966.502353,0.99788552624042624
1,18308377,0x853d955acef822db058eb8505911ed77f175b99e,0xA0b86991c6218b36c1d19D4a2e9Eb0cE3606eB48,30030.0,29966.502353,0.99788552624042624
1,18308378,0x853d955acef822db058eb8505911ed77f175b99e,0xA0b86991c6218b36c1d19D4a2e9Eb0cE3606eB48,30030.0,29966.502353,0.99788552624042624
1,18308379,0x853d955acef822db058eb8505911ed77f175b99e,0xA0b86991c6218b36c1d19D4a2e9Eb0cE3606eB48,30030.0,29966.502353,0.99788552624042624
1,18308380,0x853d955acef822db058eb8505911ed77f175b99e,0xA0b86991c6218b36c1d19D4a2e9Eb0cE3606eB48,30030.0,29966.502353,0.99788552624042624
1,18308381,0x853d955acef822db058eb8505911ed77f175b99e,0xA0b86991c6218b36c1d19D4a2e9Eb0cE3606eB48,30030.0,29966.502353,0.99788552624042624
1,18308382,0x853d955acef822db058eb8505911ed77f175b99e,0xA0b86991c6218b36c1d19D4a2e9Eb0cE3606eB48,30030.0,29966.502353,0.99788552624042624
1,18308383,0x853d955acef822db058eb8505911ed77f175b99e,0xA0b86991c6218b36c1d19D4a2e9Eb0cE3606eB48,30030.0,29966.502353,0.99788552624042624
1,18308384,0x853d955acef822db058eb8505911ed77f175b99e,0xA0b86991c6218b36c1d19D4a2e9Eb0cE3606eB48,30030.0,29966.502353,0.99788552624042624
1,18308385,0x853d955acef822db058eb8505911ed77f175b99e,0xA0b86991c6218b36c1d19D4a2e9Eb0cE3606eB48,30030.0,29966.502353,0.99788552624042624
1,18308386,0x853d955acef822db058eb8505911ed77f175b99e,0xA0b86991c6218b36c1d19D4a2e9Eb0cE3606eB48,30030.0,29966.502353,0.99788552624042624
1,18308387,0x853d955acef822db058eb8505911ed77f175b99e,0xA0b86991c6218b36c1d19D4a2e9Eb0cE3606eB48,30030.0,29966.502353,0.99788552624042624
1,18308388,0x853d955acef822db058eb8505911ed77f175b99e,0xA0b86991c6218b36c1d19D4a2e9Eb0cE3606eB48,30030.0,29966.502353,0.99788552624042624
1,18308389,0x853d955acef822db058eb8505911ed77f175b99e,0xA0b86991c6218b36c1d19D4a2e9Eb0cE3606eB48,30030.0,29966.502353,0.99788552624042624
1,18308390,0x853d955acef822db058eb8505911ed77f175b99e,0xA0b86991c6218b36c1d19D4a2e9Eb0cE3606eB48,30030.0,29966.502353,0.99788552624042624
1,18308391,0x853d955acef822db058eb8505911ed77f175b99e,0xA0b86991c6218b36c1d19D4a2e9Eb0cE3606eB48,30030.0,29966.502353,0.99788552624042624
1,18308392,0x853d955acef822db058eb8505911ed77f175b99e,0xA0b86991c6218b36c1d19D4a2e9Eb0cE3606eB48,30030.0,29966.502353,0.99788552624042624
1,18308393,0x853d955acef822db058eb8505911ed77f175b99e,0xA0b86991c6218b36c1d19D4a2e9Eb0cE3606eB48,30030.0,29966.502353,0.99788552624042624
1,18308394,0x853d955acef822db058eb8505911ed77f175b99e,0xA0b86991c6218b36c1d19D4a2e9Eb0cE3606eB48,30030.0,29966.502353,0.99788552624042624
1,18308395,0x853d955acef822db058eb8505911ed77f175b99e,0xA0b86991c6218b36c1d19D4a2e9Eb0cE3606eB48,30030.0,29966.502353,0.99788552624042624
1,18308396,0x853d955acef822db058eb8505911ed77f175b99e,0xA0b86991c6218b36c1d19D4a2e9Eb0cE3606eB48,30030.0,29966.502353,0.99788552624042624
1,18308397,0x853d955acef822db058eb8505911ed77f175b99e,0xA0b86991c6218b36c1d19D4a2e9Eb0cE3606eB48,30030.0,29966.502353,0.99788552624042624
1,18308398,0x853d955acef822db058eb8505911ed77f175b99e,0xA0b86991c6218b36c1d19D4a2e9Eb0cE3606eB48,30030.0,29966.502353,0.99788552624042624
1,18308399,0x853d955acef822db058eb8505911ed77f175b99e,0xA0b86991c6218b36c1d19D4a2e9Eb0cE3606eB48,30030.0,29966.502353,0.99788552624042624
1,18308400,0x853d955acef822db058eb8505911ed77f175b99e,0xA0b86991c6218b36c1d19D4a2e9Eb0cE3606eB48,30030.0,29966.502353,0.99788552624042624
1,18308401,0x853d955acef822db058eb8505911ed77f175b99e,0xA0b86991c6218b36c1d19D4a2e9Eb0cE3606eB48,30030.0,29966.502353,0.99788552624042624
1,18308402,0x853d955acef822db058eb8505911ed77f175b99e,0xA0b86991c6218b36c1d19D4a2e9Eb0cE3606eB48,30030.0,29966.502353,0.99788552624042624
1,18308403,0x853d955acef822db058eb8505911ed77f175b99e,0xA0b86991c6218b36c1d19D4a2e9Eb0cE3606eB48,30030.0,29966.502353,0.99788552624042624
1,18308404,0x853d955acef822db058eb8505911ed77f175b99e,0xA0b86991c6218b36c1d19D4a2e9Eb0cE3606eB48,30030.0,29966.502353,0.99788552624042624
1,18308405,0x853d955acef822db058eb8505911ed77f175b99e,0xA0b86991c6218b36c1d19D4a2e9Eb0cE3606eB48,30030.0,29966.502353,0.99788552624042624
1,18308406,0x853d955acef822db058eb8505911ed77f175b99e,0xA0b86991c6218b36c1d19D4a2e9Eb0cE3606eB48,30030.0,29966.502353,0.99788552624042624
1,18308407,0x853d955acef822db058eb8505911ed77f175b99e,0xA0b86991c6218b36c1d19D4a2e9Eb0cE3606eB48,30030.0,29966.502353,0.99788552624042624
1,18308408,0x853d955acef822db058eb8505911ed77f175b99e,0xA0b86991c6218b36c1d19D4a2e9Eb0cE3606eB48,30030.0,29966.502353,0.99788552624042624
1,18308409,0x853d955acef822db058eb8505911ed77f175b99e,0xA0b86991c6218b36c1d19D4a2e9Eb0cE3606eB48,30030.0,29966.502353,0.99788552624042624
1,18308410,0x853d955acef822db058eb8505911ed77f175b99e,0xA0b86991c6218b36c1d19D4a2e9Eb0cE3606eB48,30030.0,29966.502353,0.99788552624042624
1,18308411,0x853d955acef822db058eb8505911ed77f175b99e,0xA0b86991c6218b36c1d19D4a2e9Eb0cE3606eB48,30030.0,29966.502353,0.99788552624042624
1,18308412,0x853d955acef822db058eb8505911ed77f175b99e,0xA0b86991c6218b36c1d19D4a2e9Eb0cE3606eB48,30030.0,29966.502353,0.99788552624042624
1,18308413,0x853d955acef822db058eb8505911ed77f175b99e,0xA0b86991c6218b36c1d19D4a2e9Eb0cE3606eB48,30030.0,29966.502353,0.99788552624042624
1,18308414,0x853d955acef822db058eb8505911ed77f175b99e,0xA0b86991c6218b36c1d19D4a2e9Eb0cE3606eB48,30030.0,29966.502353,0.99788552624042624
1,18308415,0x853d955acef822db058eb8505911ed77f175b99e,0xA0b86991c6218b36c1d19D4a2e9Eb0cE3606eB48,30030.0,29966.502353,0.99788552624042624
1,18308416,0x853d955acef822db058eb8505911ed77f175b99e,0xA0b86991c6218b36c1d19D4a2e9Eb0cE3606eB48,30030.0,29966.502353,0.99788552624042624
1,18308417,0x853d955acef822db058eb8505911ed77f175b99e,0xA0b86991c6218b36c1d19D4a2e9Eb0cE3606eB48,30030.0,29966.502353,0.99788552624042624
1,18308418,0x853d955acef822db058eb8505911ed77f175b99e,0xA0b86991c6218b36c1d19D4a2e9Eb0cE3606eB48,30030.0,29966.502353,0.99788552624042624
1,18308419,0x853d955acef822db058eb8505911ed77f175b99e,0xA0b86991c6218b36c1d19D4a2e9Eb0cE3606eB48,30030.0,29966.502353,0.99788552624042624
1,18308420,0x853d955acef822db058eb8505911ed77f175b99e,0xA0b86991c6218b36c1d19D4a2e9Eb0cE3606eB48,30030.0,29966.502353,0.99788552624042624
1,18308422,0x853d955acef822db058eb8505911ed77f175b99e,0xA0b86991c6218b36c1d19D4a2e9Eb0cE3606eB48,30030.0,29966.502353,0.99788552624042624
1,18308423,0x853d955acef822db058eb8505911ed77f175b99e,0xA0b86991c6218b36c1d19D4a2e9Eb0cE3606eB48,30030.0,29966.502353,0.99788552624042624
1,18308424,0x853d955acef822db058eb8505911ed77f175b99e,0xA0b86991c6218b36c1d19D4a2e9Eb0cE3606eB48,30030.0,29966.502353,0.99788552624042624
1,18308425,0x853d955acef822db058eb8505911ed77f175b99e,0xA0b86991c6218b36c1d19D4a2e9Eb0cE3606eB48,30030.0,29966.502353,0.99788552624042624
1,18308426,0x853d955acef822db058eb8505911ed77f175b99e,0xA0b86991c6218b36c1d19D4a2e9Eb0cE3606eB48,30030.0,29966.502353,0.99788552624042624
1,18308427,0x853d955acef822db058eb8505911ed77f175b99e,0xA0b86991c6218b36c1d19D4a2e9Eb0cE3606eB48,30030.0,29966.502353,0.99788552624042624
1,18308428,0x853d955acef822db058eb8505911ed77f175b99e,0xA0b86991c6218b36c1d19D4a2e9Eb0cE3606eB48,30030.0,29966.502353,0.99788552624042624
1,18308429,0x853d955acef822db058eb8505911ed77f175b99e,0xA0b86991c6218b36c1d19D4a2e9Eb0cE3606eB48,30030.0,29966.502353,0.99788552624042624
1,18308430,0x853d955acef822db058eb8505911ed77f175b99e,0xA0b86991c6218b36c1d19D4a2e9Eb0cE3606eB48,30030.0,29966.502353,0.99788552624042624
1,18308431,0x853d955acef822db058eb8505911ed77f175b99e,0xA0b86991c6218b36c1d19D4a2e9Eb0cE3606eB48,30030.0,29966.502353,0.99788552624042624
1,18308432,0x853d955acef822db058eb8505911ed77f175b99e,0xA0b86991c6218b36c1d19D4a2e9Eb0cE3606eB48,30030.0,29966.502353,0.99788552624042624
1,18308433,0x853d955acef822db058eb8505911ed77f175b99e,0xA0b86991c6218b36c1d19D4a2e9Eb0cE3606eB48,30030.0,29966.502353,0.99788552624042624
1,18308434,0x853d955acef822db058eb8505911ed77f175b99e,0xA0b86991c6218b36c1d19D4a2e9Eb0cE3606eB48,30030.0,29966.502353,0.99788552624042624
1,18308435,0x853d955acef822db058eb8505911ed77f175b99e,0xA0b86991c6218b36c1d19D4a2e9Eb0cE3606eB48,30030.0,29966.502353,0.99788552624042624
1,18308436,0x853d955acef822db058eb8505911ed77f175b99e,0xA0b86991c6218b36c1d19D4a2e9Eb0cE3606eB48,30030.0,29966.502353,0.99788552624042624
1,18308437,0x853d955acef822db058eb8505911ed77f175b99e,0xA0b86991c6218b36c1d19D4a2e9Eb0cE3606eB48,30030.0,29966.502353,0.99788552624042624
1,18308438,0x853d955acef822db058eb8505911ed77f175b99e,0xA0b86991c6218b36c1d19D4a2e9Eb0cE3606eB48,30030.0,29966.502353,0.99788552624042624
1,18308439,0x853d955acef822db058eb8505911ed77f175b99e,0xA0b86991c6218b36c1d19D4a2e9Eb0cE3606eB48,30030.0,29966.502353,0.99788552624042624
1,18308440,0x853d955acef822db058eb8505911ed77f175b99e,0xA0b86991c6218b36c1d19D4a2e9Eb0cE3606eB48,30030.0,29966.502353,0.99788552624042624
1,18308441,0x853d955acef822db058eb8505911ed77f175b99e,0xA0b86991c6218b36c1d19D4a2e9Eb0cE3606eB48,30030.0,29966.502353,0.99788552624042624
1,18308442,0x853d955acef822db058eb8505911ed77f175b99e,0xA0b86991c6218b36c1d19D4a2e9Eb0cE3606eB48,30030.0,29966.502353,0.99788552624042624
1,18308443,0x853d955acef822db058eb8505911ed77f175b99e,0xA0b86991c6218b36c1d19D4a2e9Eb0cE3606eB48,30030.0,29966.502353,0.99788552624042624
1,18308444,0x853d955acef822db058eb8505911ed77f175b99e,0xA0b86991c6218b36c1d19D4a2e9Eb0cE3606eB48,30030.0,29966.502353,0.99788552624042624
1,18308445,0x853d955acef822db058eb8505911ed77f175b99e,0xA0b86991c6218b36c1d19D4a2e9Eb0cE3606eB48,30030.0,29966.502353,0.99788552624042624
1,18308446,0x853d955acef822db058eb8505911ed77f175b99e,0xA0b86991c6218b36c1d19D4a2e9Eb0cE3606eB48,30030.0,29966.502353,0.99788552624042624
1,18308447,0x853d955acef822db058eb8505911ed77f175b99e,0xA0b86991c6218b36c1d19D4a2e9Eb0cE3606eB48,30030.0,29966.502353,0.99788552624042624
1,18308448,0x853d955acef822db058eb8505911ed77f175b99e,0xA0b86991c6218b36c1d19D4a2e9Eb0cE3606eB48,30030.0,29966.502353,0.99788552624042624
1,18308449,0x853d955acef822db058eb8505911ed77f175b99e,0xA0b86991c6218b36c1d19D4a2e9Eb0cE3606eB48,30030.0,29966.502353,0.99788552624042624
1,18308450,0x853d955acef822db058eb8505911ed77f175b99e,0xA0b86991c6218b36c1d19D4a2e9Eb0cE3606eB48,30030.0,29966.502353,0.99788552624042624
1,18308451,0x853d955acef822db058eb8505911ed77f175b99e,0xA0b86991c6218b36c1d19D4a2e9Eb0cE3606eB48,30030.0,29966.502353,0.99788552624042624
1,18308452,0x853d955acef822db058eb8505911ed77f175b99e,0xA0b86991c6218b36c1d19D4a2e9Eb0cE3606eB48,30030.0,29966.502353,0.99788552624042624
1,18308453,0x853d955acef822db058eb8505911ed77f175b99e,0xA0b86991c6218b36c1d19D4a2e9Eb0cE3606eB48,30030.0,29966.502353,0.99788552624042624
1,18308454,0x853d955acef822db058eb8505911ed77f175b99e,0xA0b86991c6218b36c1d19D4a2e9Eb0cE3606eB48,30030.0,29966.502353,0.99788552624042624
1,18308455,0x853d955acef822db058eb8505911ed77f175b99e,0xA0b86991c6218b36c1d19D4a2e9Eb0cE3606eB48,30030.0,29966.502353,0.99788552624042624
1,18308456,0x853d955acef822db058eb8505911ed77f175b99e,0xA0b86991c6218b36c1d19D4a2e9Eb0cE3606eB48,30030.0,29966.502353,0.99788552624042624
1,18308457,0x853d955acef822db058eb8505911ed77f175b99e,0xA0b86991c6218b36c1d19D4a2e9Eb0cE3606eB48,30030.0,29966.502353,0.99788552624042624
1,18308458,0x853d955acef822db058eb8505911ed77f175b99e,0xA0b86991c6218b36c1d19D4a2e9Eb0cE3606eB48,30030.0,29966.502353,0.99788552624042624
1,18308459,0x853d955acef822db058eb8505911ed77f175b99e,0xA0b86991c6218b36c1d19D4a2e9Eb0cE3606eB48,30030.0,29966.502353,0.99788552624042624
1,18308460,0x853d955acef822db058eb8505911ed77f175b99e,0xA0b86991c6218b36c1d19D4a2e9Eb0cE3606eB48,30030.0,29966.502353,0.99788552624042624
1,18308461,0x853d955acef822db058eb8505911ed77f175b99e,0xA0b86991c6218b36c1d19D4a2e9Eb0cE3606eB48,30030.0,29966.502353,0.99788552624042624
1,18308462,0x853d955acef822db058eb8505911ed77f175b99e,0xA0b86991c6218b36c1d19D4a2e9Eb0cE3606eB48,30030.0,29966.502353,0.99788552624042624
1,18308463,0x853d955acef822db058eb8505911ed77f175b99e,0xA0b86991c6218b36c1d19D4a2e9Eb0cE3606eB48,30030.0,29966.502353,0.99788552624042624
1,18308464,0x853d955acef822db058eb8505911ed77f175b99e,0xA0b86991c6218b36c1d19D4a2e9Eb0cE3606eB48,30030.0,29966.502353,0.99788552624042624
1,18308465,0x853d955acef822db058eb8505911ed77f175b99e,0xA0b86991c6218b36c1d19D4a2e9Eb0cE3606eB48,30030.0,29966.502353,0.99788552624042624
1,18308466,0x853d955acef822db058eb8505911ed77f175b99e,0xA0b86991c6218b36c1d19D4a2e9Eb0cE3606eB48,30030.0,29966.502353,0.99788552624042624
1,18308467,0x853d955acef822db058eb8505911ed77f175b99e,0xA0b86991c6218b36c1d19D4a2e9Eb0cE3606eB48,30030.0,29966.502353,0.99788552624042624
1,18308468,0x853d955acef822db058eb8505911ed77f175b99e,0xA0b86991c6218b36c1d19D4a2e9Eb0cE3606eB48,30030.0,29966.502353,0.99788552624042624
1,18308469,0x853d955acef822db058eb8505911ed77f175b99e,0xA0b86991c6218b36c1d19D4a2e9Eb0cE3606eB48,30030.0,29966.502353,0.99788552624042624
1,18308470,0x853d955acef822db058eb8505911ed77f175b99e,0xA0b86991c6218b36c1d19D4a2e9Eb0cE3606eB48,30030.0,29966.502353,0.99788552624042624
1,18308471,0x853d955acef822db058eb8505911ed77f175b99e,0xA0b86991c6218b36c1d19D4a2e9Eb0cE3606eB48,30030.0,29966.502353,0.99788552624042624
1,18308472,0x853d955acef822db058eb8505911ed77f175b99e,0xA0b86991c6218b36c1d19D4a2e9Eb0cE3606eB48,30030.0,29966.502353,0.99788552624042624
1,18308473,0x853d955acef822db058eb8505911ed77f175b99e,0xA0b86991c6218b36c1d19D4a2e9Eb0cE3606eB48,30030.0,29966.502353,0.99788552624042624
1,18308474,0x853d955acef822db058eb8505911ed77f175b99e,0xA0b86991c6218b36c1d19D4a2e9Eb0cE3606eB48,30030.0,29966.502353,0.99788552624042624
1,18308475,0x853d955acef822db058eb8505911ed77f175b99e,0xA0b86991c6218b36c1d19D4a2e9Eb0cE3606eB48,30030.0,29966.502353,0.99788552624042624
1,18308476,0x853d955acef822db058eb8505911ed77f175b99e,0xA0b86991c6218b36c1d19D4a2e9Eb0cE3606eB48,30030.0,29966.502353,0.99788552624042624
1,18308477,0x853d955acef822db058eb8505911ed77f175b99e,0xA0b86991c6218b36c1d19D4a2e9Eb0cE3606eB48,30030.0,29966.502353,0.99788552624042624
1,18308478,0x853d955acef822db058eb8505911ed77f175b99e,0xA0b86991c6218b36c1d19D4a2e9Eb0cE3606eB48,30030.0,29966.502353,0.99788552624042624
1,18308479,0x853d955acef822db058eb8505911ed77f175b99e,0xA0b86991c6218b36c1d19D4a2e9Eb0cE3606eB48,30030.0,29966.502353,0.99788552624042624
1,18308480,0x853d955acef822db058eb8505911ed77f175b99e,0xA0b86991c6218b36c1d19D4a2e9Eb0cE3606eB48,30030.0,29966.502353,0.99788552624042624
1,18308481,0x853d955acef822db058eb8505911ed77f175b99e,0xA0b86991c6218b36c1d19D4a2e9Eb0cE3606eB48,30030.0,29966.502353,0.99788552624042624
1,18308482,0x853d955acef822db058eb8505911ed77f175b99e,0xA0b86991c6218b36c1d19D4a2e9Eb0cE3606eB48,30030.0,29966.502353,0.99788552624042624
1,18308483,0x853d955acef822db058eb8505911ed77f175b99e,0xA0b86991c6218b36c1d19D4a2e9Eb0cE3606eB48,30030.0,29966.502353,0.99788552624042624
1,18308484,0x853d955acef822db058eb8505911ed77f175b99e,0xA0b86991c6218b36c1d19D4a2e9Eb0cE3606eB48,30030.0,29966.502353,0.99788552624042624
1,18308485,0x853d955acef822db058eb8505911ed77f175b99e,0xA0b86991c6218b36c1d19D4a2e9Eb0cE3606eB48,30030.0,29966.502353,0.99788552624042624
1,18308486,0x853d955acef822db058eb8505911ed77f175b99e,0xA0b86991c6218b36c1d19D4a2e9Eb0cE3606eB48,30030.0,29966.502353,0.99788552624042624
1,18308487,0x853d955acef822db058eb8505911ed77f175b99e,0xA0b86991c6218b36c1d19D4a2e9Eb0cE3606eB48,30030.0,29966.502353,0.99788552624042624
1,18308488,0x853d955acef822db058eb8505911ed77f175b99e,0xA0b86991c6218b36c1d19D4a2e9Eb0cE3606eB48,30030.0,29966.502353,0.99788552624042624
1,18308489,0x853d955acef822db058eb8505911ed77f175b99e,0xA0b86991c6218b36c1d19D4a2e9Eb0cE3606eB48,30030.0,29966.502353,0.99788552624042624
1,18308490,0x853d955acef822db058eb8505911ed77f175b99e,0xA0b86991c6218b36c1d19D4a2e9Eb0cE3606eB48,30030.0,29966.502353,0.99788552624042624
1,18308491,0x853d955acef822db058eb8505911ed77f175b99e,0xA0b86991c6218b36c1d19D4a2e9Eb0cE3606eB48,30030.0,29966.502353,0.99788552624042624
1,18308492,0x853d955acef822db058eb8505911ed77f175b99e,0xA0b86991c6218b36c1d19D4a2e9Eb0cE3606eB48,30030.0,29966.502353,0.99788552624042624
1,18308493,0x853d955acef822db058eb8505911ed77f175b99e,0xA0b86991c6218b36c1d19D4a2e9Eb0cE3606eB48,30030.0,29966.502353,0.99788552624042624
1,18308494,0x853d955acef822db058eb8505911ed77f175b99e,0xA0b86991c6218b36c1d19D4a2e9Eb0cE3606eB48,30030.0,29966.502353,0.99788552624042624
1,18308495,0x853d955acef822db058eb8505911ed77f175b99e,0xA0b86991c6218b36c1d19D4a2e9Eb0cE3606eB48,30030.0,29966.502353,0.99788552624042624
1,18308496,0x853d955acef822db058eb8505911ed77f175b99e,0xA0b86991c6218b36c1d19D4a2e9Eb0cE3606eB48,30030.0,29966.502353,0.99788552624042624
1,18308497,0x853d955acef822db058eb8505911ed77f175b99e,0xA0b86991c6218b36c1d19D4a2e9Eb0cE3606eB48,30030.0,29966.502353,0.99788552624042624
1,18308498,0x853d955acef822db058eb8505911ed77f175b99e,0xA0b86991c6218b36c1d19D4a2e9Eb0cE3606eB48,30030.0,29966.502353,0.99788552624042624
1,18308499,0x853d955acef822db058eb8505911ed77f175b99e,0xA0b86991c6218b36c1d19D4a2e9Eb0cE3606eB48,30030.0,29966.502353,0.99788552624042624
1,18308500,0x853d955acef822db058eb8505911ed77f175b99e,0xA0b86991c6218b36c1d19D4a2e9Eb0cE3606eB48,30030.0,29966.502353,0.99788552624042624
1,18308501,0x853d955acef822db058eb8505911ed77f175b99e,0xA0b86991c6218b36c1d19D4a2e9Eb0cE3606eB48,30030.0,29966.502353,0.99788552624042624
1,18308502,0x853d955acef822db058eb8505911ed77f175b99e,0xA0b86991c6218b36c1d19D4a2e9Eb0cE3606eB48,30030.0,29966.502353,0.99788552624042624
1,18308503,0x853d955acef822db058eb8505911ed77f175b99e,0xA0b86991c6218b36c1d19D4a2e9Eb0cE3606eB48,30030.0,29966.502353,0.99788552624042624
1,18308504,0x853d955acef822db058eb8505911ed77f175b99e,0xA0b86991c6218b36c1d19D4a2e9Eb0cE3606eB48,30030.0,29966.502353,0.99788552624042624
1,18308505,0x853d955acef822db058eb8505911ed77f175b99e,0xA0b86991c6218b36c1d19D4a2e9Eb0cE3606eB48,30030.0,29966.502353,0.99788552624042624
1,18308506,0x853d955acef822db058eb8505911ed77f175b99e,0xA0b86991c6218b36c1d19D4a2e9Eb0cE3606eB48,30030.0,29966.502353,0.99788552624042624
1,18308507,0x853d955acef822db058eb8505911ed77f175b99e,0xA0b86991c6218b36c1d19D4a2e9Eb0cE3606eB48,30030.0,29966.502353,0.99788552624042624
1,18308508,0x853d955acef822db058eb8505911ed77f175b99e,0xA0b86991c6218b36c1d19D4a2e9Eb0cE3606eB48,30030.0,29966.502353,0.99788552624042624
1,18308509,0x853d955acef822db058eb8505911ed77f175b99e,0xA0b86991c6218b36c1d19D4a2e9Eb0cE3606eB48,30030.0,29966.502353,0.99788552624042624
1,18308510,0x853d955acef822db058eb8505911ed77f175b99e,0xA0b86991c6218b36c1d19D4a2e9Eb0cE3606eB48,30030.0,29966.502353,0.99788552624042624
1,18308511,0x853d955acef822db058eb8505911ed77f175b99e,0xA0b86991c6218b36c1d19D4a2e9Eb0cE3606eB48,30030.0,29966.502353,0.99788552624042624
1,18308512,0x853d955acef822db058eb8505911ed77f175b99e,0xA0b86991c6218b36c1d19D4a2e9Eb0cE3606eB48,30030.0,29966.502353,0.99788552624042624
1,18308513,0x853d955acef822db058eb8505911ed77f175b99e,0xA0b86991c6218b36c1d19D4a2e9Eb0cE3606eB48,30030.0,29966.502353,0.99788552624042624
1,18308514,0x853d955acef822db058eb8505911ed77f175b99e,0xA0b86991c6218b36c1d19D4a2e9Eb0cE3606eB48,30030.0,29966.502353,0.99788552624042624
1,18308515,0x853d955acef822db058eb8505911ed77f175b99e,0xA0b86991c6218b36c1d19D4a2e9Eb0cE3606eB48,30030.0,29966.502353,0.99788552624042624
